சைதன்ய,7892
நித்ய,7866
யதி,7841
ஆன்மாவிற்கு,7485
நூறு,7485
பாடல்கள்,7297
குரு,1578
நேர்காணல்,1333
தன்,1232
தத்துவம்,1182
ஒரு,1093
கவிதை,952
அறிதல்கள்,931
வரலாறு,904
கலை,903
கலையின்,868
இலக்கியம்,862
பிறப்பு,860
ரகசியம்,855
நித்யா,852
புதிரான,848
மௌனம்,848
குருவின்,841
கவிதைகள்,839
காணொளிகள்,832
தொகுப்புகள்,832
நூல்கள்,832
அருகமர்ந்து,831
நடராஜ,661
நாராயண,491
குருவும்,479
நானும்,469
நம்,463
அது,408
இது,396
நான்,393
ஆத்மோபதேச,390
சதகம்,372
என்று,367
நாம்,351
அறிதலும்,338
இருப்பும்,328
வேண்டும்,302
என்னும்,299
என்,286
பாடல்,280
இருக்கிறது,266
உபநிடதம்,255
என்பது,218
அவன்,216
எதிர்கொள்ளல்,212
அதன்,211
அதை,210
வேண்டுதல்கள்,205
இந்த,196
பல,193
எப்படி,192
மரணத்தை,183
பாடல்க,178
இந்துமதம்,176
ஆனால்,166
அனைத்திலும்,166
குறிப்பிட்ட,165
அனைத்தையும்,164
பாடலில்,159
இருக்கும்,146
நமது,141
உள்ளது,141
எல்லாம்,137
என்ற,135
தமிழில்,133
வடிவம்,129
உள்ளன,128
மூலம்,128
அறிவு,127
உண்மை,126
இல்லை,124
நோக்கி,123
போல,123
குறிப்புகள்,122
என்ன,120
மட்டுமே,119
உன்,118
அவர்,116
என்பதை,116
அகம்,115
மொழியும்,114
பிரபஞ்சமும்,114
ஜெயமோகன்,114
கவனம்,114
வாழ்வின்,112
அறிய,111
நனவு,105
கார்ல்,104
மற்றும்,103
முதல்,102
ஆர்,102
வாழ்க்கைக்,102
தத்துவ,98
எனும்,98
ரகசியத்தை,98
ஒன்று,97
ஓம்,97
ஒவ்வொரு,96
ஆக,96
மதம்,96
புலன்கள்,96
முடியாது,95
அறிதல்,94
வரை,93
எந்த,93
பொருள்,92
பின்னர்,92
அல்லது,90
எப்போதும்,90
அவரது,89
அல்ல,88
மரத்தினடியில்,87
துய்ப்பவன்,86
யேசு,85
சாத்தியமான,85
அறிவாகவே,85
அந்த,84
அவை,84
தூய,84
நம்மை,81
உலகம்,81
வழி,81
இடையேயான,81
முழுமுதல்,80
மேலும்,80
ஒன்றே,79
என்கிறார்,78
மெய்மையை,78
அவாக்கள்,78
உள்ள,78
உறவு,77
என்னை,77
செசானின்,77
எனவே,76
சமானமாகவும்,76
அடிப்படை,76
அதே,75
எளிதில்,75
பிரம்மம்,75
பெரிதும்,74
ஒருவன்,74
சாமம்,74
வரும்,72
பால்,72
நிலையை,72
பெர்க்ஸன்,72
இதனை,71
இப்பாடலில்,71
யோக,71
பிரணவம்,71
கொண்ட,70
என்றும்,70
நிற்கும்,70
இந்து,70
இதை,69
ஆகிறது,69
நடுவே,68
நிலையில்,68
எதையும்,68
கூறு,68
முண்டக,68
போல்,67
வேதாந்திகள்,67
மொழி,67
அறவியல்,67
மிக,66
சில,66
நம்பிக்கை,66
அறிபவன்,66
ஆற்றல்,66
ஆற்றலை,66
என,65
தோன்றுகின்றன,65
அதனுடன்,65
அதற்கு,64
பார்க்கும்போது,64
அமர்ந்திருக்கும்,64
அடைய,63
சிவகுமார்,63
அறம்,62
மனிதன்,62
பற்றிய,62
பயிரிடப்படும்,62
மாதத்தில்,62
கண்டடைந்தேன்,62
அவரும்,61
அதுவே,61
தியானம்,61
தர்மம்,60
அடுத்த,60
நமக்கு,60
மெய்யானது,60
பெரும்,60
மெய்யியல்,60
ஆன்மாவின்,60
புரிந்துகொள்ள,60
இருந்தாலும்,58
உள்ளுறை,58
எதுவும்,58
கிருஷ்ணன்,58
மரணம்,58
சூஃபிக்கள்,58
இடத்தில்,58
ஆர்வம்,58
மாற்றமில்லா,58
நனவின்,57
பிணைப்பை,57
விளக்குகிறார்,57
சரஸ்வதி,57
அதில்,56
டாக்டர்,56
பற்றி,56
ஆறு,56
ஒருவனது,56
உலகாகவும்,56
அறியும்,56
விழிப்பு,56
பிரிக்கமுடியாது,56
உள்ளுறையும்,56
போய்,55
சொல்,55
கோயில்கள்,55
ஒளிரும்,54
அதேபோல்,54
புத்தன்,54
அர்த்தம்,53
என்பதே,53
அவற்றின்,53
உதவும்,53
உணர்கிறோம்,53
உன்னை,52
கபடமுனிக்கு,52
உபநிடத,52
மறையை,52
ஹரே,52
பேசுகிறார்,52
விஷ்ணு,52
வெளி,51
ஏன்,51
திறவுகோலை,51
விடுதலை,51
இறுதியில்,51
என்கிறது,51
பிரபஞ்ச,51
லாவோட்சு,51
விருப்பு,50
அக்ஷி,50
எழுத்தான,50
இதற்கு,50
கணபதி,49
உறைகிறது,49
விதை,49
உண்ணவேண்டும்,49
இணையவேண்டும்,49
என்றிவ்வண்ணம்,49
எழும்போது,49
மாறாமல்,49
வடிவை,49
யாருளர்,49
நிலை,49
இரு,49
இருக்கிறோமா,48
நகர்வா,48
சாரத்தை,48
விழிகள்,48
விஞ்ஞானத்தை,48
பொதுவாக,47
அதிலிருந்து,47
நோயை,47
பிரம்மா,47
தேவை,47
இவை,46
பொருளிலிருந்து,46
முந்தைய,46
உறையும்,46
தோன்றினாலும்,45
இதில்,45
இன்னும்,45
வலுப்பட்டது,45
பிரகதாரண்யக,45
இவையெல்லாம்,45
ஒருவரது,44
குறித்த,44
சிறு,44
முன்,44
வேதாந்தியின்,44
இயற்பியலாளனின்,44
நிலையிலிருந்து,44
வேறுபட்டதல்ல,44
தோற்றமும்,44
மெய்மையும்,44
தம்முள்,44
ஒன்றுடன்,44
போட்டியிடும்,44
புதிரை,44
கையாள,44
வேண்டியிருக்கிறது,44
தோற்றத்தால்,44
பாதிப்படைகின்றன,44
நழுவிச்,44
செல்வதாக,44
மழுப்பலானதாக,44
உயிர்ப்புடன்,44
தொடரும்,44
மனதின்,44
இயல்புக்கு,44
மாறானதாக,44
என்னதான்,44
தராததாக,44
ஒருவனால்,44
தேடலை,44
விட்டுவிட்டு,44
தோற்றத்தை,44
முன்முடிந்ததாக,44
ஏற்க,44
அனைத்துயிரையும்,44
தனதன்றி,44
பிறிதொன்றாக,44
எண்ணாதவனும்,44
ஆன்மாவையே,44
உறைவதாகக்,44
கொள்பவனும்,44
வெறுப்பதில்லை,44
அனைத்திருப்பிலும்,44
ஒருமையைக்,44
காண்பவனுக்கும்,44
ஆன்மாவாக,44
அறிபவனுக்கும்,44
துயரம்,44
ஏது,44
மனதை,44
ஒருமுகப்படுத்துவதும்,44
பகுத்தறியும்,44
ஆன்மாவுடன்,44
இணைப்பதும்,44
தன்னடக்க,44
வடிவாய்,44
இருப்பதுமே,44
யோகமெனப்படும்,44
காண்பவனும்,44
காட்சியும்,44
காணப்படுவதும்,44
இல்லாமலாகும்,44
இருதயம்,44
ஒன்றிணைக்கப்படவேண்டும்,44
நினைவுக்கூறுகள்,44
உள்ளவரை,44
யோகமறிந்தவன்,44
அதையே,44
யோகமென்பான்,44
அகத்தின்,44
அவரை,43
இதனால்,43
நபர்,43
போக்தா,43
எனப்படுகிறான்,43
புலன்,43
முகமையை,43
செய்பவன்,43
மூன்று,43
வழிகளில்,43
முதலிலிருந்து,43
நான்காம்,43
அறிபவனில்,43
குவிந்திருந்தது,43
ஐந்தாவதில்,43
செய்பவனை,43
திருப்பப்பட்டது,43
துய்ப்பவனை,43
நகர்கிறது,43
தரிசனத்தில்,43
யோகிகளின்,43
பின்வருமாறு,43
ஒன்றிணைக்கிறார்,43
பாப்பர்,43
மகிழ்ச்சி,42
பொருட்கள்,42
ஆன்மா,42
அறிவும்,42
ஏற்றுக்,42
மரபியல்,41
முதலில்,41
கடவுள்,41
விடுதலையின்,41
இடம்,41
காரணம்,41
ஒருவர்,40
மேல்,40
தெளிவு,40
தனது,40
ஒருவனை,40
சிவன்,40
அன்பும்,39
ஆசிகளும்,39
தொடர்ந்துகொண்டே,39
இரண்டு,39
கண்ணில்,39
இல்,39
பிறகு,39
குப்புசாமி,39
சூத்ரதாரி,39
ஒன்றை,39
கோயில்,39
கண்ணை,38
பரவி,38
தன்னை,38
இந்தியச்,38
இதுவே,38
பிரஹஸ்பதி,38
சொல்லே,38
பிராமணஸ்பதியும்,38
இவன்,38
ஸாமம்,38
ஸா,38
ஆமம்,38
என்பதும்,38
சாமத்தின்,38
விவேகிக்கான,38
வழிகாட்டி,38
வாழ்க்கை,37
உயர்,37
படிநிலை,37
அனுபவ,37
சிந்தனையை,37
மொழியாக்கம்,37
வகை,37
ராமானுஜர்,37
பிறன்,36
உவமைகள்,36
என்பதையும்,36
மலர்கள்,36
சாது,36
இருந்து,36
ஆதாம்,36
உள்முரண்கள்,36
அதைத்,36
முழுமை,36
கூறுகிறார்,36
சவால்,36
அவித்யா,36
படுகின்றன,35
ஒளிமுதலாய,35
பழமைந்தும்,35
உண்டு,35
நாறும்,35
குழலில்,35
புகுந்து,35
மாறிமாறியாடும்,35
மனம்,35
அறிவின்,35
இவ்வாறு,35
மலரும்,35
மட்டும்,35
உறுதியான,35
மகாவிஷ்ணு,35
சிறிய,35
ஓவிய,35
ப்ரியமபர,34
நூலான,34
பொருந்தாத,34
மகுடம்,34
விவேகானந்தா,34
கல்லூரி,34
கதிரவனின்,34
எழுத்தினால்,34
மரபின்,34
மற்றொன்று,33
நிகழ்,33
இடையறா,33
இருப்பவன்,33
ஆன்மாவில்,33
ராமகிருஷ்ண,33
ஃபிராய்ட்,33
புத்தர்,33
எல்லை,32
இத்தகைய,32
அனுபவம்,32
விருப்பே,32
இவ்வுலகு,32
இருக்கவேண்டும்,32
சிந்தனையில்,32
குருவுடன்,32
அறிபவனின்,32
அலைகள்,32
அவ்வாறிருப்பது,32
கைகூடாதென்றால்,32
ப்ரணவத்தை,32
உணர்ந்து,32
பிறப்பொழிந்து,32
வாழும்,32
முனிஜன,32
சேவையில்,32
நிறுத்துவாய்,32
இறந்தேன்,32
கடைசி,31
வகையில்,31
என்றே,31
கடந்து,31
ஒரே,31
அகத்தும்,31
புறத்தும்,31
பேரொளியுடன்,31
கருவினை,31
புலனைந்தும்,31
உள்ளடக்கி,31
அதனுடைய,31
ஞானம்,31
அகந்தை,31
அமர்ந்து,31
தென்னிந்தியாவில்,31
எள்ளுச்செடியை,31
உதாரணமாகக்,31
கூறலாம்,31
பிப்ரவரி,31
ஏப்ரலில்,31
பூக்கும்,31
தவறுதலாக,31
இவ்வகையை,31
மே,31
பயிரிட்டுவிட்டால்,31
பூப்பதற்கு,31
அடுத்து,31
ஏப்ரல்,31
மாதம்,31
காத்திருக்க,31
வேண்டியதுதான்,31
பண்புகளை,31
வெளிப்படுத்த,31
இயற்சூழல்,31
காரணியல்ல,31
அதனுள்,31
தகவமைப்பின்,31
குறியாக்கம்,31
துவக்கநிலை,31
நினைவும்,31
அதற்கேயுரித்தான,31
புலனின்ப,31
அவாவை,31
வெளிவிடுவதில்,31
ஒத்திசைவு,31
உயர்ந்த,31
அவனை,31
கதிரவன்,31
தழுவிய,31
அறிமுகம்,30
மிகவும்,30
கொண்டிருக்கிறது,30
இம்ப்ரஷனிசம்,30
ஓவியம்,30
சுப்ரமணியன்,30
நிகழ்கையில்,30
எதிர்கொள்ளும்தோறும்,30
குறைகிறது,30
பரப்பிலிருந்து,30
எடுக்கும்போது,30
அவ்வளவுடைய,30
இழக்கிறது,30
இவ்வகையில்,30
நோக்கும்போது,30
மிகையான,30
இன்ப,30
நுகர்வு,30
தொடர்ந்து,30
ஆற்றலிருப்பை,30
குறைத்து,30
சோர்வடையச்,30
செய்கிறது,30
சுயஅழிவு,30
புதிர்த்தன்மை,30
பொருள்முதல்வாதம்,30
எரியும்,29
அப்படிப்பட்ட,29
விவேகானந்தர்,29
ஏசு,29
எவ்வாறு,29
உணர்வு,29
ருபுறமும்,29
படர்ந்துயர்ந்துமேவும்,29
தருவினடியில்,29
தவத்திலமர்ந்தோனை,29
விழிப்புநிலையில்,29
தேவைகளில்,29
மேலெழுகிறது,29
வடிவத்தை,29
கொள்கிறது,29
அந்நிலையில்,29
அத்தேவை,29
உறுதிபெற்று,29
தவிர்க்கமுடியாததாகி,29
செயலாற்றத்,29
தூண்டுகிறது,29
நிறைவேறுகிறது,29
அல்லாது,29
முக்கியத்துவத்தை,29
இழந்து,29
மெதுவாய்,29
கரைந்துபோய்,29
இல்லாமலாகிறது,29
மனிதனாக,29
உருவகிக்கப்பட்டுள்ளது,29
நாமே,29
மரம்,29
பிறிதொன்றில்லை,29
இம்மரத்தில்,29
காலமும்,29
இடமும்,29
ஒருபுறம்,29
விழிப்புநிலை,29
அனுபவத்தாலும்,29
மற்றொருபுறம்,29
கனவுகளாலும்,29
நிரப்பப்படுகின்றன,29
இரண்டுமே,29
ஆழ்,29
நனவிலியிலிருந்தே,29
நிகழும்போதே,29
அவதானிக்கும்,29
பிரிக்கப்பட்டு,29
சிந்தையில்,29
ஆழ்த்தப்பட்டு,29
நிகழ்வுகளையும்,29
அவதானிக்கும்படி,29
செய்யப்படுகிறது,29
தன்னைச்சுற்றி,29
வாழ்வை,29
நனவில்,29
கூறாக,29
குறிப்பிடப்படுகிறார்,29
அவற்றுடன்,29
ஒப்பிடப்படும்போது,29
நோக்கிக்கொண்டிருக்கும்,29
ஆழியில்,29
இழந்த,29
ஒளிவிடும்,29
தாரகையாக,29
எனலாம்,29
எந்நேரமும்,29
தவறவிடக்கூடும்,29
முக்கியமற்றதாகத்,29
அனைத்து,29
செயல்பாடுகளுக்குமான,29
நிலமாகவும்,29
அவற்றிற்கு,29
தூண்டுகோலாகவும்,29
மாற்றுகள்,29
புதிர்நிலைக்கு,29
இட்டுவந்தார்,29
மாறிக்கொண்டே,29
இவற்றைத்,29
தாண்டி,29
மாறவேண்டும்,29
ஏழாவது,29
சொன்னதுபோல,29
நம்மில்,29
பெரும்பான்மையோருக்கு,29
எளிதே,29
நம்மால்,29
முடியாதபோது,29
வெற்றிபெற்றவர்களிடம்,29
இருமுனைப்,29
ஏற்படுத்திக்கொண்டு,29
முயற்சிக்க,29
நல்வழியிலிருந்து,29
விலக்க,29
ஒப்பேன்,29
போதைப்பொருட்கள்,29
அறிதிறனை,29
மாசுபடுத்த,29
விடேன்,29
சக,29
பிட்சுக்களுடன்,29
சமயநூல்களை,29
கற்கிறார்,29
புத்தரின்,29
வாழ்வையும்,29
சொற்களையும்,29
ஆழ்ந்து,29
ஆய்கிறார்,29
உலகப்,29
பிணைப்புகளிலிருந்து,29
விடுபட்டு,29
பெற,29
இதுபோல்,29
பலவழிகள்,29
சொல்லியிருப்பதைப்,29
அல்லாவை,29
பிரியத்துக்குரியவனாக,29
ஆக்கிக்கொள்ளும்,29
இஸ்லாத்தின்,29
வழியை,29
மேற்கொள்ளலாம்,29
நடுநிலை,29
பூஜ்யத்தில்,29
நோக்கிநிற்கும்,29
அகத்தினை,29
முரண்களை,29
ஆராய்ந்து,29
இணக்கத்தைப்,29
முயல்வது,29
அருமையான,29
பகுதி,28
உள்ளதை,28
காணும்,28
உண்ண,28
சிலருக்கு,28
புறவயக்,28
மகிழ்கிறார்,28
இருதுருவ,28
கோட்பாடு,28
வரைந்தேன்,28
எண்ணுவதையும்,28
உற்றுநோக்கி,28
ஏற்றப்படாததும்,28
அணையாததுமான,28
விலைமதிப்பில்லா,28
விளக்கை,28
கண்டறிந்து,28
செல்வோம்,28
பிரதிபா,28
யோகாரூட,28
வேதம்,28
பாடல்களிலும்,28
எல்லைக்குள்,28
வகைமைகள்,28
மறைமுகக்,28
முதற்பாடலில்,28
அக,28
புற,28
இரண்டையும்,28
அறிவாகவும்,28
கூறப்பட்டது,28
இரண்டாவது,28
உள,28
உடல்,28
தரப்படுத்தப்பட்ட,28
வரிசை,28
ஒன்றைத்,28
தருகிறார்,28
இணைந்து,28
அனுபவமாகிறது,28
ஐந்தாம்,28
விழிப்பிற்கும்,28
உறக்கத்திற்கும்,28
ஊசலாட்டத்தையும்,28
இயல்பான,28
சிதறும்,28
தன்மையையும்,28
கவனத்திற்குக்,28
கொண்டுவருகிறார்,28
தொடர்ச்சியாக,28
இன்னொன்றிற்குத்,28
தாவுவதை,28
ஆறாவது,28
சுட்டிச்செல்கிறது,28
இந்நூல்,28
முழுவதும்,28
ஒவ்வொருவரின்,28
உள்ளிருக்கும்,28
நோக்கியே,28
வேறுபாடுகளை,28
விளக்கும்போதுகூட,28
ஒருமையை,28
கவனத்துடன்,28
சிறப்பிக்கிறார்,28
ஊடுருவும்,28
தேடுபவனின்,28
அகமும்,28
வேறுவேறல்ல,28
கொள்ளும்படி,28
செய்வதே,28
ஆர்வமாக,28
அலையையும்,28
கடலாழத்தையும்,28
உவமை,28
மனிதஅகம்,28
சாராதது,28
என்றபோதும்,28
முழுமையுடன்,28
பகிர்ந்துகொள்ளும்,28
உணர்த்தியிருக்கிறார்,28
அலை,28
தனித்துத்,28
தெரிந்தாலும்,28
ஆழியுடனான,28
உறவை,28
அழுத்தமாகக்,28
கூறவே,28
இருப்பு,28
அலையோடு,28
உவமிக்கப்படுகிறது,28
ஆழம்பற்றிய,28
விழிப்புணர்வே,28
முழுமுதலுடனான,28
நிறுவுகிறது,28
நான்காவது,28
உவமையுமின்றி,28
மெய்யிருப்பை,28
ஒன்றும்படி,28
ஆணையிடுகிறார்,28
மாறிக்கொண்டிருக்கும்,28
நிலைகளைக்,28
கடந்தது,28
எனவேதான்,28
உறக்கம்,28
உடல்சார்,28
நிலைகளால்,28
பாதிக்கப்படாமல்,28
சொல்லப்படுகிறது,28
முழுமுதலை,28
கருவியாக,28
பிரணவத்தைக்,28
கூறுகிறது,28
பிரணவமே,28
வில்லாக,28
ஆன்மாவே,28
அம்பாக,28
இலக்காக,28
சிதறாதவனால்,28
துளைக்கப்படவேண்டியது,28
பிரணவத்தின்,28
கூறுகளாக,28
சிறப்பிக்கப்படுகின்றன,28
நிமிர்நிலையாக்கத்தின்,28
நரகம்,28
அண்டாது,28
எண்ணுவாய்,28
சுகம்,28
அபினிவேசம்,28
அஸ்மிதம்,28
இச்சை,28
சம்ஞாதம்,28
துக்கம்,28
துவேஷம்,28
பதஞ்சலி,28
சூத்திரம்,28
ராகம்,28
ஸ்தைர்யம்,28
ரமண,27
மகரிஷி,27
நாட்கள்,27
பாவண்ணன்,27
அதற்காக,27
என்றால்,27
அனைத்தும்,27
ஒழிந்து,27
தணிந்து,27
தனிமையின்,27
உயர்வும்,27
பேரொளியில்,27
நின்றிடவேண்டும்,27
தோலுமெலும்பும்,27
மலமும்,27
துன்பம்தரும்,27
அழியும்,27
இதுவேறு,27
அழிந்து,27
முழுமையாகும்,27
பெருமகந்தை,27
வந்திடா,27
வரம்,27
அருள்க,27
மொத்த,27
உலகமும்,27
குளறுபடியில்,27
இயல்பாகவே,27
அழிவை,27
நோக்கிச்செல்லும்,27
இயல்பே,27
முதன்மைக்,27
போதாக்குறைக்கு,27
தன்முனைப்பென்னும்,27
அசட்டுத்தனம்,27
வேறு,27
மிஞ்சும்,27
விழுமியம்தான்,27
ஸ்திதப்ரக்ஞன்,27
பகுத்தறிவாளன்,27
ஞானி,27
பிராஹ்மிஸ்திதி,27
முழுமுதலில்,27
பக்தன்,27
க்ஷேத்ர,27
க்ஷேத்ரக்ஞ,27
விவேகன்,27
களம்பற்றி,27
அறிந்தவன்,27
பிரஹ்மபூதன்,27
ஆழ்சிந்தனையாளன்,27
அரணிக்கட்டையாக,27
உரசல்,27
இறைவனைக்,27
காணலாம்,27
ம்,27
ஒலிவடிவம்,27
பெண்,27
ஆண்,27
அலி,27
ருத்ரன்,27
இறைவடிவம்,27
ரிக்,27
யஜுர்,27
புவி,27
வான்,27
உலக,27
கழி,27
எதிர்,27
காலவடிவம்,27
உரையாட,27
இணைகிறது,27
காந்தி,27
ன்னுபநிஷதுக்தி,26
ரஹஸ்யமோர்த்திடேணம்,26
கைவசமாகாதென்னும்,26
மனதிலிருத்துவாய்,26
நிறைக்கும்,26
ஒளிர்வுடன்,26
மூவுலகின்,26
ஒருபோதும்,26
கைவசமாவதில்லை,26
நினைவிலிருத்திட,26
நிறைந்திருக்கும்,26
படிநிலைகளை,26
கடந்துவர,26
வேண்டியுள்ளது,26
காட்டாக,26
ஆன்மிக,26
குருவால்,26
ஞான,26
மார்கத்தில்,26
வழிப்படுத்தப்படுகிறான்,26
கிருஷ்ணா,26
இயக்கத்திலென்றால்,26
தலையை,26
மழித்துக்கொண்டு,26
குடுமியுடன்,26
மஞ்சள்,26
பழுப்புடுத்தி,26
வழியில்,26
க்ருஷ்ணா,26
பஜனை,26
செய்தல்,26
நாள்,26
மகாபிரபுவாக,26
கிருஷ்ணனாக,26
முழுமுதலாகவே,26
முடிவெடுத்தாலும்,26
முயல்கிறான்,26
செய்வது,26
பாவனை,26
அறிவினையும் கடந்து அறிபவனின்,26
காப்பாளராகவும்,26
மற்றொரு,26
புறத்தில்,26
இருப்பதும்,26
உணர்வதுமான,26
ஆழிச்செல்வத்தில்,26
எழும்,26
தம்மில்,26
பேதமின்றித்,26
தோன்றிடல்,26
வெற்றி,26
கொள்ளட்டும்,26
நிகமம்,26
தேடின,26
நின்,26
பதாம்புஜம்,26
இறைஞ்சும்போது,26
இப்பிரபஞ்ச,26
அமைப்பின்,26
தோற்றமாய்,26
ஒத்திசைவை,26
ஏற்படுத்தும்,26
தத்துவச்சிறப்பே,26
உலகமைப்பவன்,26
சொல்லப்படுகின்றது,26
திறன்,26
சிவவாக்கியர்,26
பெளத்தம்,26
பாதி,26
பெயர்,26
இதன்,26
ரஸ்ஸல்,26
நிகழ்வு,25
அவர்கள்,25
பரம்,25
செல்லும்,25
தமிழாக்கம்,25
முக்கிய,25
மேலே,25
சொன்ன,25
ஐந்தும்,25
விழியில்,25
நிறைந்திருப்பதே,25
வடமொழியில்,25
என்பர்,25
க்ஷ,25
முடிய,25
அறிவே,25
அறிவை,25
சிவகிரி,25
குறிப்பு,25
அழகு,25
தாஜ்மகால்,25
வான்கா,25
கவிதைமொழி,25
டிபூசி,25
பனிப்,25
படிவில்,25
செவ்வியற்பியலின்படி,24
எல்லையிலா,24
வெளியில்,24
இவ்,24
அண்டம்,24
பொருத்தப்பட்டிருப்பதாக,24
எண்ணியிருந்தோம்,24
தற்போது,24
பலவகை,24
கோட்பாடுகள்,24
மிகப்பெரியது,24
எல்லையிலி,24
முடிவை,24
கொண்டதாகவே,24
பலரது,24
கூற்று,24
பிறரோ,24
அறுதியிட்டுக்,24
கூற,24
இயலாது,24
என்கின்றனர்,24
பெருவெடிப்பில்,24
நிலையாக,24
விவாதிக்கலாம்,24
துகளா,24
அலையா,24
சிவப்பு,24
ஊதா,24
கருந்துளையா,24
வெண்துளையா,24
நிச்சயமற்ற,24
பூசல்,24
அஹமிருளல்லிருளாகிலந்தராய்,24
நா,24
மஹமஹமென்னறியாதிருன்னிடேணம்,24
அறிவதினாலஹமந்தகாரமல்லெ,24
அகமென்பது,24
இருளல்ல,24
இருளென்றால்,24
குருடராய்,24
என்பதுமறியாமல்,24
இருந்திடுவோம்,24
அறிவதனால்,24
இருளில்,24
அறிந்த,24
அனைவர்க்கும்,24
ஓதிடுவோம்,24
கண்கள்,24
என்னுடைய,24
மனிதனின்,24
நாராயணகுரு,24
ஏவாள்,24
உன்னிடமிருந்து,24
கற்கவேண்டும்,24
ஏதோ,24
மேற்கத்திய,24
அம்சம்,24
தத்துவஞானம்,24
பாதித்தது,24
இவ்வளர்ச்சிப்,24
போக்கின்,24
கட்டத்தில்,24
பாதிக்க,24
ஆரம்பித்தது,24
விளைவாக,24
விஞ்ஞானத்தின்,24
கேள்வி,24
எழுந்தது,24
முதலியோரின்,24
ஆய்வின்,24
களம்,24
பாப்பரின்,24
ஆய்வும்,24
விஞ்ஞானத்தில்,24
செயல்படும்,24
தத்துவவாதம்,24
வகையான,23
அடிமுடியற்றமதுண்டிதுண்டதுண்டெ,23
ன்னடியிடுமாதிமஸத்தயுள்ளதெல்லாம்,23
ஜடமிது,23
ஸர்வமநித்யமாம்,23
ஜலத்தின்,23
அடி,23
முடி,23
அற்றம்,23
வாதிடுவர்,23
மெய்யொன்றே,23
உள்ளதாம்,23
வடிவில்,23
பயன்படும்,23
தரும்,23
அறியாமையின்,23
உறைவோர்,23
பார்வையற்றவனால்,23
நடத்தப்படும்,23
குருடர்களைப்,23
புண்பட்டு,23
ஏமாற்றத்துடன்,23
சுற்றிச்சுற்றி,23
வருகின்றனர்,23
இதயவெளியில்,23
பண்பு,23
ஒலியைப்,23
போன்றதே,23
மெய்ம்மையின்,23
முகம்,23
பொற்கலசத்தால்,23
மூடப்பட்டுள்ளது,23
புஷன்,23
அகற்றுவாயாக,23
முடிவற்ற,23
காட்டுவாயாக,23
அம்மூன்று,23
முறைகளையும்,23
கடந்துவிட்டான்,23
அறிவது,23
அவனது,23
நடத்தை,23
எப்படியிருக்கும்,23
அம்முறைகளை,23
கடக்கிறான்,23
பதிலிறுக்கிறான்,23
பார்த்துக்கொண்டிருக்கும்,23
உள்ளொளியைக்,23
காண்பதே,23
சோகத்திற்கு,23
மருந்தென்கிறார்,23
இணைபிரியா,23
பறவைகளிரண்டு,23
இரண்டில்,23
இனிக்கும்,23
பழமொன்றைப்,23
புசிக்க,23
உண்ணாமல்,23
பார்த்துக்,23
மரத்தில்,23
துயரத்துடன்,23
இயலாமைக்கு,23
வருந்திச்,23
சோர்கிறான்,23
பிறிதொன்றை,23
இறையைப்,23
காண்பவன்,23
படைப்பவனை,23
இறையை,23
பிரம்மத்தைப்,23
அஞ்ஞானம்,23
அழிக்கப்பட்ட,23
ஆன்மாவைக்,23
கொண்டவருக்கு,23
ஒளிதருகிறது,23
காரண,23
ஆய்விற்கு,23
அம்முழுமுதலைக்,23
கொண்டோரும்,23
ஆன்மாவிற்கும்,23
முடிபான,23
ஒழுக்கத்திற்கும்,23
இலக்குக்கும்,23
அதைக்கொண்டோரும்,23
மண்டியவை,23
ஞானத்தால்,23
ஒழிக்கப்படுகிறது,23
பா,23
தயாராக,23
செசான்,23
மெலுகின்,23
பிரபஞ்சம்,23
காலடித்தடம்,23
பார்க்கப்படும்,22
பொருளின்,22
பரயுடெ,22
பாலுநுகர்ன்ன,22
பாக்யவான்மார்க்,22
கொரு,22
பதினாயிரமாண்டொரல்பநேரம்,22
லரநொடியாயிரமாண்டுபோலெ,22
தோன்னும்,22
பரத்தின்,22
நுகர்ந்த,22
பேறுபெற்றோருக்கு,22
பதினாயிரமாண்டென்பது,22
கணமே,22
அபரஉலகுக்கு,22
அடிமையானாலோ,22
அரை,22
நொடியும்,22
ஆயிரமாண்டாக,22
தோன்றுமே,22
நமக்களிக்கும்,22
உறுதி,22
எனக்குப்,22
ஒவ்வொருவருடைய,22
கையிலும்தான்,22
குறுகிய,22
ஆழமான,22
கிணற்றில்,22
பிறந்து,22
மாட்டிக்கொள்ளும்,22
தவளையைப்,22
பொறுத்தமட்டில்,22
வால்,22
உதிர்ந்து,22
போகிறது,22
படியிலிருந்து,22
படிக்குத்,22
தாவி,22
கிணற்றுக்கு,22
வெளியே,22
பரந்த,22
உலகில்,22
தன்னுடைய,22
விடுதலையை,22
கண்டடைகிறது,22
படைப்பு,22
வானில்,22
செவ்வொளி,22
நெருப்பில்,22
ஃபெர்ன்ஹில்,22
இயேசு,22
இஸ்லாம்,22
கனவு,22
சோஃபியா,22
நனவிலி,22
வாக்தேவி,22
ஆல்ஃபிரட்,22
ஆட்லர்,22
ஆழ்மனம்,22
கோபால்,22
முகர்ஜி,22
தாஸ்தாயேவ்ஸ்கி,22
ராமகிருஷ்ணர்,22
ஹென்றி,22
கருதப்படுகிறது,21
எனக்கு,21
நூலின்,21
எண்ண,21
ராதாகிருஷ்ணனை,21
சந்தித்தது,21
எப்போது,21
பார்வையற்றோரின்,21
வித்தியாசமானது,21
அல்லவா,21
ஆகியோர்,21
பதிவு,21
செய்த,21
யதியுடனான,21
தலைமை,21
ஒருமை,21
ஆலயம்,21
தொழுவது,21
தேவையா,21
நிலம்,21
நெருப்பு,21
காற்று,21
ஆகாயம்,21
கோயிலின்,21
வெளிப்பிராகாரம்,21
கருவறையை,21
அணுகுதல்,21
தளத்தில்,21
செய்ய,20
என்றாலும்,20
அபரம்,20
பிரக்ருதி,20
வாசனை,20
திருவண்ணாமலை,20
ரமணர்,20
கொண்டதாக,20
கிறித்தவம்,20
கௌதமன்,20
சித்தார்த்தன்,20
சுஜாதை,20
தெகார்தே,20
பிரும்மசம்பதி,20
அதம்பித்வம்,20
அமான்விதம்,20
ஆர்ஜவம்,20
சத்யம்,20
சாந்தோக்கிய,20
சாமதானம்,20
பிருகதாரண்யக,20
சௌந்தர்யலஹரி,20
லஷ்மி,20
மடம்,20
சரூப்யசித்தி,20
தன்னையறிதல்,20
தன்முனைப்பு,20
விவேகசூடாமணி,20
நகைச்சுவை,20
இலக்கிய,20
மறுக்க,20
அளவுகோல்,20
கௌடபாதர்,20
சாந்தோக்ய,20
மாண்டூக்ய,20
ஸ்பினோசா,20
நல்கும்,19
காரணியாக,19
ஆம்,19
ஆண்டில்,19
கோடை,19
விடுமுறையில்,19
முதன்முறையாக,19
ரமணமகரிஷியைப்,19
பார்க்கச்,19
சென்றேன்,19
மெஸ்,19
அவர்களின்,19
ஏகரஸர்,19
என்பதால்,19
எனக்குள்,19
மிகப்பெரிய,19
எதிர்பார்ப்பிருந்தது,19
முன்னால்,19
அவரைப்,19
நூல்களைப்,19
படித்தேன்,19
மகானைப்,19
பார்ப்பது,19
முக்கியமான,19
தருணம்,19
எண்ணியிருந்தேன்,19
ஆழ்ந்த,19
நிரம்பிய,19
ஜெஹோவா,19
பாவமன்னிப்பு,19
மாண்டூக,19
மோட்சம்,19
சரித்திரத்தின்,19
புலர்காலையில்,19
எழுந்த,19
பறவைக்,19
குரல்,19
ரிக்வேதம்,19
இசையானபோது,19
ஆயிற்று,19
சாம,19
வேதத்தின்,19
துணை,19
சொல்லுக்கும்,19
பொருளுக்கும்,19
பற்றிப்,19
பேசும்,19
மொழியைப்,19
புராதன,19
அறிந்துகொள்வதற்குரிய,19
சிறந்த,19
தொடக்கப்புள்ளியாகும்,19
பிரம்மாண்டம்,19
அதிபதி,19
உயிரே,19
அதிபன்,19
ஆகிறான்,19
பிராணனே,19
மூச்சு,19
இணைந்ததே,19
எதனால்,19
கரையானுக்கு,19
கொசுவுக்கு,19
யானைக்கு,19
மூவுலகுக்கு,19
இவையனைத்துடனும்,19
இணைந்தும்,19
உள்ளதோ,19
சாமத்துவம்,19
யார்,19
அறிகிறானோ,19
அவனே,19
முழுமையையும்,19
தனியுலகையும்,19
அடைகிறான்,19
கெஸ்டால்ட்,19
சிந்தனை,19
டார்வின்,19
மரபு,19
ஜெருசலேம்,19
தேவாலயம்,19
ஜைமினி,19
ப்ரணவம்,19
ஹென்டர்சன்,19
நன்றி,18
விருப்பென்பதொன்றே,18
விருப்பென,18
பலப்பலவாய்,18
பிரித்திடில்,18
தோன்றிடும்,18
குழப்பம்,18
விருப்பும்,18
என்றறிதல்,18
சதகத்தின்,18
இருபது,18
பாடல்களில்,18
காட்டிய,18
அதிகவிஷால,18
மரு,18
ப்ரதேஷமொன்னாய்,18
நதி,18
பெருகுந்நதுபோலெ,18
வன்னு,18
நாதம்,18
யதமியலும்,18
யதிவர்யனாயிடேணம்,18
அகன்று,18
விரிந்த,18
பாலையில்,18
ஆற்று,18
வெள்ளம்,18
போலே,18
ஒலி,18
செவி,18
நிறைக்க,18
திறக்கும்,18
பாதிக்காத,18
உன்னத,18
யதியாகவேண்டும்,18
தந்தை,18
மெய்மைதான்,18
எல்லாவற்றிலும்,18
பலவாகத்,18
தெரிகிறது,18
விளக்கினார்,18
அத்தி,18
முளையாகும்போது,18
இலைகள்,18
முளைக்கின்றன,18
சிறிதும்,18
வேர்கள்,18
போலிருப்பதில்லை,18
விதைபோலும்,18
இலையிலிருந்து,18
வேறுபட்ட,18
கனிகளும்,18
வேறுவிதமாக,18
இருக்கின்றன,18
மூலப்,18
பல்வகையான,18
வடிவவேறுபாடுகள்,18
பதினைந்து,18
பாடல்களின்,18
சாரமும்,18
இப்பதினாறாவது,18
ஸ்வேதகேது,18
நிர்மால்யா,18
தோன்றுகிறது,18
நபரின்,18
இருப்பதாக,18
ஜான்,18
ஸ்பியர்ஸ்,18
ஒளி,18
சகன்,18
அஸ்தி,18
ப்ரியம்,18
சச்சிதானந்தம்,18
கற்க,18
கருத்துமுதல்வாதம்,18
கோபன்ஹேகன்,18
விளக்கம்,18
நுண்,18
அலகு,18
இயந்திரவியல்,18
பெளதிகவாதம்,18
ஹெகல்,18
நிறுவனமாக்குவதெல்லாம்,18
மதமா,18
அரசியலுக்கு,18
பொருந்துமா,18
ஓர்,18
முறை,18
தேவைகள்,18
நிறைவேறும்வரை,18
அமைதியிழந்திருக்கிறான்,18
வேறெந்த,18
உயிருக்கும்,18
தேவையென்று,18
தோன்றாதவைகூட,18
அவனுக்குத்,18
பிற,18
துறக்கவும்,18
உள்ளான்,18
அனுபவத்தை,18
திரும்பிப்,18
இழப்புகளே,18
அர்த்தமுள்ளதாக்குகின்றன,18
அவனுக்கு,18
விடுக்கும்,18
இப்பிரபஞ்சத்தில்,18
அனைத்திற்கும்,18
சூட்டியிருக்கிறோம்,18
இலக்கணம்,18
வகுத்துவிட்டிருக்கிறோம்,18
நாமோ,18
கவனிக்கப்,18
படாதவர்களாகவே,18
இருக்கிறோம்,18
அடர்ந்த,18
காட்டில்,18
இலைப்,18
புதர்களுக்குள்,18
இதுவரை,18
மனிதக்கண்,18
படாது,18
எஞ்சும்,18
சந்திப்பு,18
ப்ரியமென்னநேகமாயி,17
ப்ரியவிஷயம்,17
ப்ரதி,17
வன்னிடும்,17
ப்ரமம்,17
ப்ரியமென்னறிஞ்ஞிடேணம்,17
விரும்புவதில்லை,17
வெளிப்புறமாக,17
திரும்பும்போது,17
பலவிதமான,17
கவர்ச்சிகள்,17
இயல்பாக,17
அவற்றால்,17
ஈர்க்கப்படுகிறோம்,17
இக்கவர்ச்சிகளை,17
அடைவதற்கான,17
செல்வழியை,17
கண்டடையவே,17
செவிகளை,17
பயன்படுத்துகிறோம்,17
கண்ணின்,17
தேவைக்கேற்ப,17
கருவியாகவே,17
காது,17
ஆகிவிடுகிறது,17
வாழ்த்தப்பட்ட,17
ஒருவரின்,17
காலடியில்,17
கண்மூடி,17
அமர்வோமேயானால்,17
சான்றோர்,17
அனைவரும்,17
ரகசியத்,17
நமக்களிக்கக்கூடும்,17
சொல்வதைப்போல,17
இறைவனின்,17
ராஜ்யத்திற்கான,17
தானுறைவதாகக்,17
கூறும்,17
மனக்குகைக்கான,17
குல்சாரிலால்,17
நந்தா,17
பாரத்,17
சமாஜ்,17
ஹரிகிஷந்தாஸ்,17
அகர்வால்,17
உடலும்,17
மூளையில்,17
பிராணன்,17
உத்,17
பிராணனால்,17
அவ்வெனும்,17
அகண்டமாகி,17
நின்றனை,17
உவ்வெனும்,17
உருத்தரித்து,17
வந்தனை,17
அகர,17
உகர,17
மகாரமாய்,17
நின்றதே,17
சிவாயமே,17
குருகுலம்,17
கருவறை,17
தடாகம்,17
பஞ்சவாத்தியம்,17
வித்யா,17
ஈசோபநிடதம்,17
போதியஸ்,17
இவ்வுலகன்றி,16
பிறிதொரு,16
மெய்மையில்லை,16
உண்டென்று,16
உலகோர்,16
உரைப்பது,16
சிந்தனையின்மையால்,16
பாம்பென்று,16
மூடனுக்கு,16
நன்மலர்மாலை,16
நாகமாகுமோ,16
இருமை,16
தேவையற்றது,16
நியாயப்படுத்தல்,16
இயலாதது,16
கடந்துசெல்லும்,16
விழிப்புணர்வுக்கும்,16
கொடுத்த,16
அனுபவத்தையும்,16
பெருமதிப்புடைய,16
வாழ்வுக்கணமாக,16
மாற்றக்கூடிய,16
இயல்கையை,16
கண்டோம்,16
இப்பாடலைப்,16
பயிலும்போது,16
உள்ளத்தில்,16
இருத்திக்கொள்ளல்,16
அறிஞனுக்கு,16
பொருளுடையது,16
மகிழ்வெனும்,16
விழுமிய,16
கொண்டது,16
பெரும்பாலான,16
சொல்வதற்கு,16
மாறானது,16
இவ்வுலகை,16
மெய்யல்லாதது,16
கருதும்போது,16
நிலைநாட்டுகிறார்,16
வேறேதும்,16
எளிய,16
எனப்படுகிறது,16
பயம்,16
விஷயம்,16
இன்று,16
பாம்பே,16
ரூமி,16
வேத்,16
மேத்தா,16
கிளாட்,16
மோனே,16
ஆகவோ,16
ஞானமும்,16
ஆதி,16
மஹஸ்,16
மட்டுமேயாகும்,16
ஞானத்,16
தேடலின்,16
வரலாற்றுத்,16
தரப்புகள்,16
திகைப்பு,16
தரும்படி,16
ஒன்றையொன்று,16
கண்டுகொள்ளும்,16
என்றுரைப்பதெல்லாம்,16
ஆராய்கையில்அகமேயன்றி,16
பலவல்ல,16
ஒன்றேயாகும்,16
அகலும்,16
அனேகம்,16
ஆகையால்,16
தொடர்ந்திடும்,16
இரண்டிற்கும்,16
விடை,16
ஜஸ்பர்ஸ்,16
ராதாகிருஷ்ணன்,16
பெரியார்,16
வேதாந்தம்,16
குயெர்னிக,16
தாண்டவ,16
நடராஜன்,16
பிக்காஸோ,16
இராமாயணம்,16
தொல்படிமம்,16
மகாபாரதம்,16
பார்ப்பவனின்,16
கால,16
துண்டுபடாத,16
தொட்டு,16
நடக்கிறது,16
அழகிற்காக,16
கல்லறையில்,16
வைக்கப்பட்டேன்,16
உண்மைக்காக,16
உயிர்விட்ட,16
என்னருகே,16
படுக்கவைக்கப்பட்டபோது,16
அஞ்சினேன்,16
கேட்டார்,16
சகோதரர்கள்,16
என்றார்,16
அவ்வாறாக,16
உறவினர்களைப்,16
இரவு,16
முழுக்க,16
உரையாடினோம்,16
புல்,16
வளர்ந்து,16
உண்மைகள்,16
பலவிதமானவை,16
கொள்ளலாமா,16
அழகுடன்,16
முரண்படுகிறது,16
கவிதைக்கும்,16
மொழிக்கும்,16
மொழியின்,16
விளைவு,16
மட்டும்தானா,16
கனவுக்கு,16
இல்லையே,16
கனவில்,16
கவிதையில்லையா,16
கவிதையன்றி,16
வேறென்ன,16
ஒருவகை,16
அடையாளம்,16
கூறலாமா,16
படைப்பில்,16
சொல்லை,16
ஒபன்ஹ்யுமர்,16
சார்பற்ற,16
மத்வர்,16
விவேகிக்க,16
உலகினு,15
வேறொரு,15
ஸத்தயில்லதுண்டெ,15
ஜளனு,15
விலேசயமென்னு,15
தோன்னியாலும்,15
நலமியலும்,15
மலர்மால,15
நாகமாமோ,15
தலை,15
நண்பன்,15
குறிப்பிட்டிருந்தது,15
வருத்தமாயிருந்தது,15
முகப்பில்,15
என்னைப்பற்றி,15
எழுதியிருந்தது,15
உள்ளூர,15
பெருமிதம்,15
அளித்தது,15
அவருக்கு,15
ஓட்டம்,15
தெரிந்துவிட்டது,15
போலும்,15
ஆகச்சிறந்த,15
இன்,15
முன்னுரையில்,15
எழுதப்பட்டுள்ளவை,15
மாணவனான,15
யதிக்கு,15
பயனுள்ளதாய்,15
எண்ணுகிறேன்,15
எழுதியிருந்தார்,15
குருவுக்கு,15
நன்றியுடையவனாய்,15
ஆனேன்,15
இப்புத்தகம்,15
எழுதி,15
முடிக்கப்பட்ட,15
நாளிலிருந்தே,15
நம்பிக்கைத்,15
துணையாக,15
இருந்துவருகிறது,15
ஒப்புக்கொண்டே,15
ஆகவேண்டும்,15
அதனுடனான,15
உரையாடல்,15
அருகே,15
பெரிய,15
இருந்த,15
பிளேடோ,15
வர்க்கலை,15
சுப்பிரமணியன்,15
நியூட்டன்,15
எமிலி,15
டிக்கன்சன்,15
பேதப்பித்து,15
நோய்,15
ஈசாவாஸ்ய,15
சுஷுப்தி,15
விபூதி,15
பிறர்விருப்பே,14
என்விருப்பு,14
மற்றொருவரது,14
என்றிருப்பதே,14
நல்வழியென்பதாலே,14
ஒருவருக்கு,14
நன்மை,14
நல்குவது,14
மற்றவருக்கும்,14
இனிமைபயத்தல்,14
ஐம்புலன்கள்,14
இருப்பதால்,14
ஐந்து,14
பார்ப்பதற்கு,14
பல்லாயிரக்கணகான,14
மிகச்சிறிதாக,14
மிகப்பெரிதாக,14
ஒளியுடன்,14
இருப்பவற்றை,14
இருண்டவற்றை,14
வண்ணமயமாக,14
இருப்பனவற்றை,14
வண்ணமற்றவற்றை,14
காண்கிறோம்,14
புலனுறுப்பும்,14
தன்னுடையதேயான,14
பன்னிறம்,14
உலகை,14
கொண்டிருக்கின்றன,14
உணர்ச்சி,14
மறிவினை,14
மனதிற்கும்,14
பொருட்களுக்கும்,14
அமைந்துள்ளது,14
விழைவை,14
நிறைவுபெறச்,14
செய்வதில்,14
தெரிவுகள்,14
மூலமே,14
மெய்யான,14
மகிழ்வை,14
எய்துகிறோம்,14
உணவகத்தில்,14
விரும்புகிறோம்,14
சிலரால்,14
பரிமாறப்பட,14
முறையில்,14
விழைகிறோம்,14
உணவு,14
கொதிக்க,14
வைக்கப்பட்டிருக்க,14
வேகவைத்தல்,14
பிடிக்கும்,14
சிலர்,14
வறுக்கப்பட்டதை,14
விரும்புவர்,14
தரம்,14
மகிழ்ச்சிக்கான,14
நிபந்தனையாகிறது,14
நமக்குள்,14
நிபந்தனைக்குரிய,14
ஒன்றாகிறது,14
காரணி,14
நினைப்பதால்,14
குழம்பிவிடுகிறோம்,14
பொறியாளருக்கு,14
திறனும்,14
செயல்படுத்தும்,14
தேவையும்,14
எந்திரத்தை,14
வடிவமைக்கிறார்,14
செய்து,14
விற்கிறார்,14
வேண்டிய,14
வேலையிலிருந்து,14
விடுவிக்க,14
வேண்டி,14
அவருக்காக,14
நிறுவுகிறார்,14
பொறியாளரின்,14
சேவையால்,14
பொறியாளர்,14
பணியை,14
செம்மையாகச்,14
செய்ததில்,14
தச்சரோ,14
கொல்லரோ,14
குழாய்,14
பணியாளரோ,14
ஆசிரியரோ,14
எவராக,14
ஆற்றுவதில்,14
முனைப்பு,14
ஒன்றுள்ளது,14
முரணியக்க,14
இணையர்களாகிறோம்,14
பொது,14
விருப்பம்,14
ஒன்றிணைக்கிறது,14
பின்,14
பிறிதொருவர்,14
என்பதில்லாமலாகி,14
பிணைப்பு,14
நிகழ்கிறது,14
விருப்புகளின்,14
அடிப்படையில்,14
மட்டுமல்லாமல்,14
நிறைவேறுவதன்,14
அடிப்படையிலும்,14
இணையலாம்,14
மௌனத்தில்,14
உலகத்தில்,14
கடவுளே,14
உன்னிலிருந்தன்றோ,14
படைக்கப்பட்டன,14
மாயையை,14
விலக்கி,14
பரம்பொருள்,14
படைக்கப்பட்ட,14
உயிர்கள்,14
உள்ளேயே,14
இருந்தேன்,14
நேற்றுதான்,14
முதன்முதலாக,14
காலை,14
ஆறுமணிக்கு,14
கிழக்குப்,14
பக்கம்,14
கொஞ்சம்,14
தாமதமாக,14
எழுந்து,14
இடத்துக்குப்,14
அமைதியாக,14
உட்கார்ந்து,14
எளிமையாக,14
நடந்தது,14
புனித,14
ஃப்ரான்சிஸ்,14
அறிந்திடும்,14
பொருளும்,14
தன்னறிவும்,14
மட்டுமேயாம்,14
அறிவிலமர்ந்து,14
அதுமட்டுமாதல்,14
தன்மையை,14
அலபமாத்ர,14
அகிலம்,14
பில்லி,14
க்ரஹாம்,14
கார்கி,14
சுவாமி,14
உயர்நிலைப்பள்ளி,14
ராமகிருஷ்ணா,14
மிஷன்,14
மெய்யறிவு,14
மௌனத்தின்,14
மெல்லிய,14
உத்தரவாதம்,14
கிளாஸிக்கல்,14
கலைஞர்கள்,14
காட்சிகளின்,14
வடிவ,14
விசித்திரத்தை,14
தூய்மைப்படுத்த,14
முயன்றனர்,14
ரொமாண்டிஸ்டு,14
கலைஞர்களின்,14
வர்ணச்,14
சேர்க்கைக்கு,14
முதன்மை,14
தந்தனர்,14
போஸ்ட்,14
இம்ப்ரஷனிஸம்,14
இவ்விரு,14
பாணிகளுக்கும்,14
வழிகோலியது,14
சிம்பாலிஸம்,14
ஃபேவிஸம்,14
க்யூபிஸம்,14
எக்ஸ்பிரஷனிஸம்,14
இவையெதுவும்,14
மாதிரிகளாக,14
இருக்கவில்லை,14
எனினும்,14
பிதாமகர்கள்,14
நன்றியோடு,14
வழிகாட்டலை,14
கொண்டனர்,14
இயந்திரவாதம்,14
முரணிலைப்,14
அச்சரிவை,14
மொழியியலாளர்கள்தான்,14
நிகழ்த்தினார்களா,14
நுண்பெளதிகத்,14
துறையில்,14
ஏற்பட்ட,14
முன்னேற்றம்,14
முதற்,14
காலவெளியை,14
முதன்மைப்படுத்தும்,14
பார்வைகள்,14
கருதுகோள்,14
கேள்விக்குரியதாக்கப்பட்டது,14
பொருண்மையை,14
அடிப்படைத்,14
தருக்கமாகக்,14
நிரூபணவாதப்,14
பார்வை,14
விவாதத்தில்,14
நிற்க,14
போயிற்று,14
பப்பர்,14
முதலிய,14
ஆசிரியர்கள்,14
மாற்றத்தை,14
நிகழ்த்தினர்,14
கூடவே,14
மொழியியலாளர்களும்,14
இவற்றை,14
