மற்றும்,972
ரூ,712
வேண்டும்,657
அல்லது,440
ம்,408
முதல்,376
தேர்வு,376
வயது,347
உள்ள,302
எஸ்சி,302
இந்த,297
சென்னை,294
பி,294
நேற்று,283
மணி,274
மாவட்ட,272
ஒரு,266
திமுக,265
தமிழகம்,264
என்ற,263
பக்தர்கள்,263
தேதி,260
அரசு,248
மத்திய,238
கட்டணம்,226
க்குள்,226
தகுதி,221
இந்திய,216
ஆண்டுகளும்,216
இன்று,206
என,203
நாள்,195
விண்ணப்பிக்க,195
தரிசனம்,190
வேலைவாய்ப்பு,190
ஆன்லைனில்,186
என்று,180
மூலம்,176
விண்ணப்பதாரர்கள்,174
செய்தனர்,170
இருந்து,168
வரை,163
வது,162
ஆண்டு,161
கடந்த,157
கடைசி,156
வரும்,154
இதில்,154
உள்ளது,152
தலைவர்,151
பாடத்தில்,146
ரயில்,145
எஸ்,145
எம்,145
காலை,141
பொது,140
இந்தியா,136
முன்னாள்,136
அவர்,135
ஆகிய,135
எலக்ட்ரானிக்ஸ்,134
பணி,130
சி,128
இருக்க,126
அடிப்படையில்,125
எஸ்டி,125
அணி,123
விண்ணப்ப,123
தர,122
டி,121
செயலாளர்,119
பெற்றிருக்க,118
இடம்,117
சேர்ந்த,116
மாநில,116
மணிக்கு,115
சம்பளம்,115
வெற்றி,114
மாலை,114
கொண்டு,113
முறை,113
திருப்பதி,112
ஊதியம்,112
தலைமை,111
கோயிலில்,110
துணை,110
நடைபெறும்,108
கம்ப்யூட்டர்,107
வகுப்பு,106
அதிமுக,106
தேர்ச்சி,105
ஆண்டுகள்,104
செய்து,101
மக்கள்,100
திருவள்ளூர்,100
இது,99
கூட்டம்,99
இவ்வாறு,99
இதனால்,99
இதை,99
பெற்ற,99
விண்ணப்பிக்கலாம்,99
பட்டம்,98
பிரிவினருக்கு,98
டிப்ளமோ,97
அனுபவம்,97
தேர்தல்,95
பிரிவில்,95
ஒபிசியினருக்கு,95
அளிக்கப்படும்,94
வரம்பு,93
அதிகாரிகள்,92
முதுநிலை,92
பணிக்கு,92
வருகிறது,91
சுவாமி,91
சம்பந்தப்பட்ட,90
மு,89
அறிவியல்,89
நாளை,87
தேர்ந்தெடுக்கப்படுவர்,87
அன்று,86
இந்நிலையில்,86
ஆகியோர்,86
மேலும்,85
குறித்து,85
அனுப்ப,84
நேர்முகத்தேர்வு,84
விளையாட்டு,83
முன்,82
ஆர்,82
நிர்வாகிகள்,82
உதவி,82
எஸ்டியினருக்கு,82
கலந்து,81
அந்த,81
பேர்,81
தளர்வு,81
ஆனால்,80
ஏழுமலையான்,80
பல்வேறு,80
உடல்,79
எழுத்துத்தேர்வு,79
தகுதியானவர்கள்,79
எலக்ட்ரிக்கல்,79
கட்சி,78
வேலை,78
தொடர்ந்து,78
மாவட்டம்,77
இரவு,77
காணிக்கை,77
மட்டும்,76
ஸ்டாலின்,76
பெண்கள்,75
தெற்கு,75
சிறப்பு,74
தமிழக,74
அரசின்,74
வரம்பில்,74
அருகே,73
க்கு,73
பயிற்சி,73
திறன்,73
பட்டப்படிப்பு,73
ரயில்வே,72
வகையில்,72
கல்வி,72
இதையடுத்து,72
அதிகாலை,72
ஏதேனும்,72
மருத்துவ,71
ஆயிரம்,71
வழியாக,71
நடந்து,70
பிளஸ்,70
அறிக்கை,69
பெற்று,69
பின்னர்,69
நடக்கிறது,68
வருகின்றனர்,68
அனைத்து,68
உள்ளிட்ட,68
துறையில்,68
செலுத்த,67
மசாலா,66
ஆராய்ச்சி,66
டெக்,66
டிக்கெட்,65
அதிகாரி,64
தேசிய,64
கோடி,64
நேரத்தில்,64
க்கும்,64
நடந்தது,63
முடிவு,63
ல்,63
வேண்டிய,63
மாற்றுத்திறனாளிகளுக்கு,63
வருட,62
காலியாக,62
