ஊராட்சி,40459
இந்த,25054
கோயில்,22281
அமைந்துள்ள,16584
ஒரு,16155
ஆம்,14151
மக்கள்,12765
மற்றும்,12245
ஆகும்,12086
இக்கோயில்,11045
தொகை,11017
தொகுதிக்கும்,10356
ஆண்டு,10165
பேரும்,10103
என்னும்,9987
மாவட்டம்,9862
பட்டியல்,9846
உள்ள,9786
சேர்ந்தது,9300
நூற்றாண்டைச்,9238
சட்டமன்றத்,9080
இந்திய,8831
ஊராட்சியில்,8503
சிற்றூர்களின்,8471
என்பது,8017
இது,7946
என்ற,7648
பத்தொன்பதாம்,7539
இருந்து,7398
மக்களவைத்,7029
தமிழ்நாட்டில்,6921
ஊரில்,6795
மாவட்டத்தில்,6690
கோயிலாகும்,6637
இக்கோயிலில்,6621
அமைந்துள்ளது,6511
பெண்கள்,5742
கொண்டுள்ளது,5692
இவர்,5676
மொத்த,5615
உள்ளனர்,5608
தமிழ்நாட்டின்,5449
ஆண்கள்,5407
கணக்கெடுப்பின்படி,5391
உள்ளது,5389
மொத்தம்,5364
பூசை,5253
இவற்றில்,5226
நடக்கின்றது,5197
ஒருகாலப்,5191
இவர்களில்,5125
மன்ற,5095
தொகுதிகளைக்,5069
மன்றத்,5056
இல்,5049
உட்பட்டதாகும்,5047
உறுப்பினர்களைத்,5033
தேர்ந்தெடுக்கின்றனர்,5031
அல்லது,4997
வட்டாரத்தில்,4904
என்று,4742
முதல்,4345
மாதம்,4118
திரைப்படம்,3845
தொகுதி,3834
முக்கிய,3765
நடைபெறுகிறது,3542
அம்மன்,3397
என,3144
தமிழ்,2967
திருவிழாவாக,2850
தமிழ்நாடு,2825
ஆவார்,2783
பி,2736
பல,2725
மாரியம்மன்,2479
நூல்,2400
பெருமாள்,2380
வெளிவந்த,2316
வரை,2276
இரண்டு,2261
எஸ்,2228
உள்ளன,2210
இந்து,2198
சில,2197
இருக்கும்,2181
கொண்ட,2152
முறைப்படி,2147
மேலும்,2126
அவர்,2110
டி,2098
ஆண்டில்,2078
இதன்,2035
மூலம்,1965
எம்,1903
கே,1898
ம்,1885
ல்,1860
நாள்,1854
தஞ்சாவூர்,1850
பெயர்,1838
போன்ற,1831
என்றும்,1828
ஆர்,1782
திருக்கோயில்,1777
பின்னர்,1748
கொண்டு,1744
வேண்டும்,1742
ஒன்று,1678
அரசு,1672
மொழி,1638
கட்டுப்பாட்டில்,1632
இந்தியா,1625
சென்னை,1607
வகைப்பாட்டில்,1606
நிர்வகிக்கப்படுகிறது,1600
தேசிய,1594
அதன்,1591
ஓர்,1586
அறநிலையத்துறையின்,1579
நிலையம்,1573
அன்று,1558
என்,1556
முதன்மைத்,1556
போது,1535
மூன்று,1522
தனது,1520
ஆனால்,1517
இந்தியாவின்,1510
கிராமக்,1482
எனும்,1434
வழக்கு,1420
எண்,1419
தமிழ்த்,1398
முறை,1397
இருப்பதால்,1392
ஆறு,1352
ஆகிய,1350
சி,1327
கல்வி,1306
பொருள்,1300
வட்டம்,1292
இரு,1289
வி,1288
நடைமுறை,1278
அய்யனார்,1270
இதில்,1257
அது,1237
பிறப்பு,1231
நிலுவையில்,1225
நிருவாகியால்,1220
அறிவியல்,1209
பகுப்பு,1204
காஞ்சிபுரம்,1202
இவை,1196
திரைப்படமாகும்,1188
அமெரிக்க,1184
தன்,1182
கி,1179
அவை,1173
இரண்டாம்,1171
வது,1165
பெரிய,1160
ஐக்கிய,1160
இவரது,1157
அந்த,1151
இதழ்,1143
திருவண்ணாமலை,1136
என்பவர்,1127
ஆடி,1109
தேர்தல்,1102
மாநில,1101
சிவன்,1096
மூன்றாம்,1061
வரும்,1053
பொதுவாக,1046
வரலாறு,1045
சேர்ந்த,1039
மிகவும்,1035
அவரது,1030
விழுப்புரம்,1029
பெற்றார்,1026
தர்மபுரி,1024
நெடுஞ்சாலை,1012
மதுரை,1008
கல்லூரி,1007
ஒவ்வொரு,992
புதிய,990
நான்கு,982
பிரிவு,974
செய்து,962
கிராமம்,959
மே,954
நியூ,947
சிறந்த,945
பாடல்,941
பல்கலைக்கழகம்,914
கிருஷ்ணகிரி,908
உண்டு,907
காலம்,901
சிவாகம,901
கிழக்கு,893
அமைப்பு,891
பின்,888
நெல்,885
நிலை,882
பற்றிய,878
பெற்ற,873
வகை,872
எனப்படும்,865
உலக,864
இத்திரைப்படத்தில்,864
இருந்தது,863
நிறுவனம்,863
தமிழக,862
தான்,860
இயக்கத்தில்,860
திருவள்ளூர்,859
திருவிழா,859
இந்தியாவில்,853
மட்டுமே,853
கோவில்,850
ஜி,846
திண்டுக்கல்,846
நகரம்,843
சுவாமி,840
பகுதியில்,839
காலத்தில்,835
மாநிலத்தில்,832
சேலம்,830
எனவே,829
பெண்,827
மு,820
ஆண்டின்,817
இருந்த,817
தி,817
அவர்கள்,809
தூத்துக்குடி,809
பகுதி,807
பல்வேறு,807
ஆசிரியர்,805
அதிக,804
மாநிலத்தின்,803
பிறந்தார்,795
தேர்தலில்,783
ஒரே,779
பின்வருமாறு,777
ஜான்,776
அடிப்படையில்,768
மேற்கு,764
கட்சி,761
வேலூர்,759
அளவு,758
தொகுதியில்,758
பற்றி,754
நவம்பர்,746
பாடல்கள்,745
எழுதிய,739
இல்லை,738
சட்டமன்ற,738
படி,737
துடுப்பாட்டக்காரர்,737
முறையில்,734
ஏப்ரல்,734
முடியும்,729
இன்,729
தொடருந்து,729
திருத்தந்தை,723
பள்ளி,722
நாகப்பட்டினம்,719
புதுக்கோட்டை,719
துடுப்பாட்டப்,718
நூல்கள்,709
உட்பட்டது,706
தொடர்,706
நாடுகளில்,704
கோயம்புத்தூர்,697
மிக,696
பழைய,694
பிற,692
கழகம்,692
அணி,691
பின்வரும்,690
நாமக்கல்,689
அக்டோபர்,688
திருநெல்வேலி,688
ஐந்து,687
பலரும்,682
இடம்,678
இசை,677
இதனை,676
அனைத்து,674
மணி,674
முன்னாள்,673
வடக்கு,670
திரைப்பட,668
மனித,664
நாடு,659
போர்,658
முதலில்,657
குறிக்கும்,656
பிறகு,654
ஆய்வு,650
அரசியல்,650
செய்யும்,650
தற்போது,649
வெற்றி,648
நாட்டின்,647
தொடர்ந்து,647
புனித,646
செயலாளர்,646
செப்டம்பர்,645
கரூர்,644
கொண்டது,642
ஒருவர்,639
விருது,639
சித்திரை,637
மார்ச்,636
காணப்படும்,635
ஈரோடு,635
கோட்டை,634
தலைவர்,632
தெற்கு,632
ஒன்றாகும்,630
உற்பத்தி,629
இருந்தார்,629
பேர்,624
எனக்,622
சொல்,618
சார்ந்த,617
அதாவது,617
மாவட்டத்தின்,617
இதனால்,615
குறிப்பிட்ட,614
திருப்பூர்,612
நூற்றாண்டில்,611
நிலையில்,605
மத்திய,604
எனவும்,603
மாசி,600
கடலூர்,599
சிறிய,597
பிரதேச,595
காரணமாக,595
நடைபெற்ற,593
பெரம்பலூர்,591
பெயரில்,590
திருமணம்,590
மேல்,589
காலப்,587
பிரதேசச்,584
அளவில்,583
முதலாம்,581
இதை,580
மற்ற,572
முருகன்,571
நோய்,570
தமிழில்,565
பதினெட்டாம்,565
பொது,564
ஆற்றல்,564
புரட்டாசி,564
உள்ளார்,563
மட்டும்,561
வேதியியல்,561
உடல்,557
மகன்,557
செய்ய,553
தந்தை,552
இந்தப்,551
என்பதை,550
திராவிட,550
கலந்து,548
ஆரணி,548
வேறு,547
முன்,547
திருவாரூர்,546
ஆக,544
தேர்ந்தெடுக்கப்பட்டார்,543
சட்டம்,542
பூசைகள்,542
ஏற்படும்,541
டிசம்பர்,538
நடந்த,537
நடிகர்,533
அதே,533
அமிலம்,533
நகர்,532
விநாயகர்,531
ஊர்,530
ஆட்சி,529
சிறப்பு,529
எந்த,529
பெரும்பாலும்,528
முதன்மை,528
தொகுதியிலும்,528
இணைந்து,527
பெரும்,525
நடக்கின்றன,523
வில்லியம்,522
சிற்றிதழ்,521
பட்டம்,518
இருக்கிறது,516
தொகுதிக்கு,514
வருகிறது,512
ஒன்றியம்,511
எழுத்தாளர்,510
பெற்றது,505
வட,505
வகையில்,505
கிராம,505
கன்னியாகுமரி,504
திருச்சிராப்பள்ளி,503
ஆராய்ச்சி,501
இவ்வாறு,500
நகரில்,498
காணப்படுகிறது,497
இந்தியத்,496
மலை,496
இதற்கு,494
விளையாட்டு,494
வந்த,494
தமிழர்,493
பொறியியல்,489
இரண்டாவது,489
தொகுதிகளில்,487
அழைக்கப்படுகிறது,483
நடித்திருந்தனர்,482
எடுத்துக்காட்டு,480
உரை,480
பயன்படுத்தப்படுகிறது,480
ஆகியோர்,479
ஆண்டுகள்,477
பிறந்த,477
கதை,477
பால்,475
காமிகாகம,475
விகிதம்,474
நூற்றாண்டு,473
உணவு,473
எல்,472
சமூக,470
தொழில்,470
கலை,468
தொகுதியாகும்,468
செல்லும்,467
கூடிய,466
எனப்,466
நாடுகளின்,466
அருகில்,464
தகவல்,461
அதில்,461
கா,458
உறுப்பினராக,457
நாடுகள்,456
பல்கலைக்கழகத்தில்,454
திரௌபதியம்மன்,454
திட்டம்,453
தேர்வுத்,453
அரசியல்வாதி,452
வகைகள்,451
கட்சியின்,451
தேனி,451
கால,450
விழா,450
குழு,448
மின்,446
பிடாரி,445
பயன்படுகிறது,441
ஜார்ஜ்,439
அமையும்,438
கருதப்படுகிறது,435
இடத்தில்,434
மருத்துவ,433
தென்,431
துணை,429
சூலை,429
மயிலாடுதுறை,429
எண்ணிக்கை,428
கோவை,428
அண்ணா,426
சார்பு,426
உறுப்பினர்,426
புலவர்,425
போல,425
தொலைக்காட்சி,425
பன்னாட்டு,425
மற்றொரு,425
துறை,424
தேர்வு,423
எனினும்,420
இந்தக்,420
போல்,420
சனவரி,419
மாவட்ட,419
அரசின்,418
சிறு,417
கடல்,416
வரதராஜப்பெருமாள்,416
வழி,414
அதற்கு,413
மையம்,412
வினை,412
இவரின்,412
அமைந்த,412
சிகிச்சை,411
குறைந்த,410
நடித்துள்ளனர்,410
உயர்,408
ராமநாதபுரம்,407
மார்கழி,407
விட,405
வாழ்க்கை,404
மாலை,404
சேர்ந்து,403
சேர்த்து,403
இவர்கள்,402
கட்டுரைகள்,402
மில்லியன்,401
வருவாய்,401
தமது,399
பெற்று,399
பிள்ளை,399
என்றால்,399
பண்டைய,397
மண்டலம்,397
இயேசு,397
குறிப்பாக,395
பாதுகாப்புச்,395
வளர்ச்சி,392
நாட்டு,391
மொழியில்,390
திறன்,390
இலக்கிய,390
ஆகியவை,388
முடிவுகள்,387
சோடியம்,387
சாதாரண,386
சென்று,386
ஏரி,385
இருந்தால்,384
தனி,383
தொகுப்பு,381
ஆவது,381
வெளியான,381
பணியாற்றினார்,381
பகுதிகளில்,379
இயக்கம்,378
செய்தார்,377
டேவிட்,377
மன்னர்,377
தன்மை,376
ஆகத்து,376
நான்,375
நிருவாக,375
பயன்படுத்தி,374
போட்டிகளிலும்,374
இருப்பினும்,373
அடிப்படை,372
இடையே,372
முனைவர்,372
நாம்,371
சுமார்,370
கான்,370
அஞ்சல்,369
சூன்,369
அவன்,369
நடிகை,368
ஜேம்ஸ்,367
வாழ்ந்த,366
இவருக்கு,366
தில்லி,366
கத்தோலிக்க,365
உட்பட்ட,365
தம்,365
பணி,365
சட்டப்படி,365
மூலக்கூற்று,364
அவருடைய,361
வயது,361
சாலை,361
மாற்றம்,360
கொண்டார்,360
ஏழு,360
ஆவர்,359
சர்வதேச,359
காளியம்மன்,359
அறநிலையப்,357
அலுவலரால்,357
வெப்ப,356
இந்தத்,356
ஜேர்சி,356
வழியாக,355
மதிப்பு,354
ஜனவரி,354
நூலில்,354
போட்டியிட்டு,354
பாதுகாப்பு,353
செர்சி,353
இயற்கை,352
வந்தது,352
குறித்து,351
வயதில்,349
தாய்,348
நாட்கள்,348
குழந்தை,348
நடித்த,348
அரசியல்வாதியும்,348
ஐரோப்பிய,347
மரம்,347
இருக்க,347
கோட்பாடு,347
குமார்,347
தேதி,346
ஆண்,344
அள்ளி,343
இருக்கலாம்,341
எச்,341
தவிர,339
வெள்ளை,339
வகையான,339
பயிற்சி,339
கல்லூரியில்,339
ஆகவும்,338
வந்து,338
பிப்ரவரி,338
நாட்டில்,337
நல்ல,336
தரும்,336
கடவுள்,336
காதல்,336
விதி,336
சனி,335
வாய்ப்பாடு,334
அதனால்,334
இயற்பியல்,334
வெளியிட்ட,334
சண்டை,333
எனில்,331
முன்னேற்றக்,331
எழுதி,331
அமெரிக்கா,330
மேற்பட்ட,330
சோதனை,330
விஜய்,329
மகா,329
மனைவி,328
ஒளி,328
தொடர்பு,327
தற்போதைய,327
எடுத்துக்காட்டாக,327
துடுப்பாட்ட,327
எழுத்து,326
வைத்து,326
வடிவம்,325
குறித்த,325
ஜூன்,325
அழைக்கப்படும்,324
உறுப்பினரும்,324
குழந்தைகள்,322
விருதுகள்,322
சொற்கள்,321
சேர்ந்தவர்,321
ஒன்றியத்தில்,321
குறிப்புகள்,321
கும்பகோணம்,321
அடுத்த,320
விளக்கம்,320
அதை,319
உலகின்,319
தலைவராக,319
பலர்,318
மக்களின்,318
மொழிகள்,317
அரியலூர்,317
செல்லியம்மன்,317
கருத்து,316
முக்கியமான,316
பொருட்கள்,316
களில்,314
க்கும்,314
முழுவதும்,314
மாநிலமான,314
தலைமை,314
வானூர்தி,314
அல்,313
உயிர்,313
வேலை,312
தொகுதியின்,312
வழிபாடு,312
முழு,311
காந்தி,311
திரைப்படத்தில்,311
காலமானார்,310
பொதுவான,308
பரிசு,308
அப்போது,308
மென்பொருள்,308
எழுதியுள்ளார்,307
கிடைக்கும்,307
பொட்டாசியம்,307
மூலமாக,306
அதிகம்,306
தேவி,306
ஆண்டுகளில்,305
வரலாற்று,304
எதிர்,304
அமெரிக்காவில்,304
ஆசிய,304
அவற்றின்,303
உடன்,303
நேரம்,302
கொள்கை,301
பொள்ளாச்சி,301
இயக்கினார்,301
இன்று,300
அதிகமாக,300
கணினி,300
க்கு,300
இறுதி,299
வெளியானது,299
பெரும்பாலான,299
மேலாண்மை,299
நேபாள,299
நகரியம்,299
பகுதிகள்,298
போன்றவை,298
கட்டுரை,298
ஜே,298
தலைவன்,298
கொண்டுள்ளார்,298
ஆனது,297
வாழும்,297
மாநிலம்,297
பெப்ரவரி,297
சூரிய,296
படம்,294
நூற்றாண்டின்,294
இணைய,293
இதுவே,291
இந்தியப்,291
மாகாணம்,291
வருகிறார்,291
வெளியிடப்பட்டது,290
உறுப்பினர்கள்,290
நிறுவனத்தின்,290
தமிழ்ப்,289
நடைபெற்றது,289
ஜூலை,289
வான்,289
அரக்கோணம்,289
காணப்படுகின்றன,288
தேவையான,288
அடுத்து,288
போட்டியில்,288
அணு,287
எண்ணெய்,287
பிரித்தானிய,286
செய்த,286
எண்கள்,285
மகளிர்,285
உலகப்,285
கிறித்தவ,285
அலுவலர்,284
உலகம்,283
முறைகள்,283
அவர்களின்,283
நூலின்,283
தொல்காப்பியம்,282
சக்தி,282
தொடர்பான,281
முன்னர்,281
வந்தார்,281
அவருக்கு,280
கொண்டிருக்கும்,280
குறிக்கிறது,279
பாளையம்,279
அலகு,278
வகுப்பு,278
சபை,278
ன்,278
உத்தரப்,277
மஞ்சள்,277
புகழ்,275
அடி,275
ஆரம்பமான,275
எட்டு,274
போன்று,274
வரிசை,274
குடியரசுத்,274
நாடாளுமன்றத்,274
சமயம்,273
செய்யப்பட்டது,273
குடும்பம்,273
நடைபெறும்,273
சராசரி,273
திரு,273
கவிஞர்,273
சேர்மமாகும்,273
இலக்கியம்,272
அறியப்படுகிறது,272
ஆகஸ்ட்,272
வடிவில்,272
உரிமை,272
உருவாகிறது,272
பழனி,272
சமய,271
அருகே,271
இடையில்,271
சைவ,271
புராணம்,271
இயேசுவின்,271
சட்டமன்றத்துக்கான,271
போக்குவரத்து,270
பாடிய,270
காரணம்,270
சுழற்சி,270
கொள்ள,270
ராஜா,270
இப்படத்தை,270
நடவடிக்கை,269
என்பதால்,269
அலுவலகம்,269
நகர,267
மக்கள்தொகை,267
சு,267
போட்டிகள்,267
கூட,266
காலை,266
சென்னையில்,265
சன்னதி,265
பிடாரியம்மன்,265
கிமு,264
பத்து,264
ஆந்திரப்,264
சேவை,264
இறந்தார்,263
நாளில்,263
கூறும்,263
மாத,263
புள்ளி,262
ஒலிம்பிக்,262
இராமநாதபுரம்,262
கண்,261
பதிப்பு,261
முதன்,260
உள்ளிட்ட,260
கூறுகிறது,260
இவருடைய,259
என்பவரால்,258
இறுதியில்,258
பதிவு,258
தொகு,258
வட்டத்தில்,257
பிறந்தவர்,257
கிருஷ்ணன்,257
ரயில்,256
அலி,256
ஆக்சைடு,256
மக்களவை,255
பயன்படுத்தப்படும்,255
டாக்டர்,255
பதவி,255
மருத்துவம்,255
கூறப்படுகிறது,254
இந்தி,254
துறையில்,254
உதவி,253
பயன்படும்,253
மகள்,253
ஏகாதசி,251
கேரள,249
வெவ்வேறு,249
புதினம்,249
சிவராத்திரி,249
அல்ல,248
எழுதினார்,248
முதலாவது,248
எல்லா,248
வெள்ளி,248
உருவாக்கப்பட்டது,248
விடுதலை,248
பெறும்,248
இந்நூல்,248
செய்யப்பட்ட,247
பொழுது,247
இல்லாமல்,247
வெளி,247
அதனை,247
கருவி,247
ஜனதா,245
கணேசன்,245
கதிர்,245
ஆலயம்,245
தன்னுடைய,244
திருக்குறள்,244
செய்தி,244
மூன்றாவது,244
அமெரிக்காவின்,244
குறிப்பு,243
கோயில்கள்,241
கிராமத்தில்,241
சட்ட,241
கணித,241
குளோரைடு,241
பாண்டியன்,240
இவன்,240
ஒலி,239
கோ,239
ஆஞ்சநேயர்,239
வானியல்,238
இலக்கணம்,238
மரபு,238
மண்,238
என்பன,238
அடையாளம்,238
கல்வியறிவு,238
வைகுண்ட,238
மா,238
நேரத்தில்,237
புது,237
கருப்பு,237
கன்னிமார்,237
தொகுதிகள்,236
நோக்கி,236
அறிவு,236
தொழில்நுட்ப,235
விமான,235
இன்னும்,235
முடிவு,235
அணியின்,235
காணலாம்,234
கிரேக்க,234
ஆகியவற்றை,234
மத்தியப்,234
ஒன்றாக,232
என்பர்,232
முகம்மது,232
நூல்களில்,231
பிரதேசம்,231
என்ன,231
இல்லாத,231
நிதி,231
கரிம,231
பேராசிரியர்,230
பிரெஞ்சு,230
எடுத்துக்,230
அறிஞர்,230
இந்தியக்,230
மிகப்பெரிய,230
பஞ்சாப்,230
சிலர்,229
இலிருந்து,229
செய்திகள்,229
போரில்,229
மேற்கோள்,229
புதுச்சேரி,229
இச்சேர்மம்,229
குறிப்பிடுகிறது,228
உலகில்,228
குறிப்பிடத்தக்கது,228
மேற்கோள்கள்,228
கைலாசநாதர்,227
நூல்களை,227
தொலைக்காட்சித்,227
எளிய,226
பாடல்களை,226
தொகுதியிலிருந்து,226
இத்திரைப்படம்,226
கோபுரம்,225
போட்டி,225
உயிரியல்,225
நடித்தார்,225
பேருந்து,225
இரண்டும்,224
இடம்பெற்ற,224
நகராட்சி,224
நா,223
அணை,223
பொருளாதார,222
கொள்ளும்,222
வேண்டிய,222
பௌத்த,222
குரு,222
இரவு,222
வேட்பாளராக,222
கழக,222
முன்பு,221
நூலகம்,221
சிதம்பரம்,221
ஒன்றை,220
சுற்றி,220
சார்பில்,220
பதிப்பகம்,220
பன்னாட்டுத்,220
ஆண்டுகளுக்கு,219
கிபி,219
மூத்த,219
இவரை,219
செயல்,219
தேவை,219
இசுலாமிய,219
பேரரசு,219
மும்பை,219
பின்பு,218
இராச்சியம்,218
இயக்குநர்,218
நிறுவப்பட்டது,218
அழுத்தம்,218
கார்பன்,218
மிகுந்த,217
உருவாக்கப்பட்ட,217
அதிகமான,217
மருந்து,217
அலுமினியம்,217
லட்சுமி,217
பட்டியலின்படி,217
பெயர்கள்,216
மிகப்,216
அரசன்,216
கவிதை,216
அன்னை,216
ஆஃப்,216
பயன்படுத்தும்,215
கை,215
முத்துமாரியம்மன்,215
ஆத்தூர்,215
மாதிரி,214
இருந்தாலும்,214
கற்றல்,214
அமைப்புகள்,214
கு,214
இறப்பு,214
சந்திப்பு,214
தொடர்புடைய,213
அரண்மனை,213
அருவி,213
காவல்,213
அத்துடன்,212
வே,212
நன்கு,212
வைகாசி,212
பவுல்,212
புவியியல்,211
பாரதிய,211
கல்வெட்டு,210
விட்டு,210
சமன்பாடு,210
மாணவர்கள்,209
ஒருநாள்,209
பட்டுக்கோட்டை,209
ஏற்பட்ட,208
படத்தில்,208
இப்போது,208
பள்ளியில்,208
கவுன்டியில்,208
கலைஞர்,207
உட்பட,207
போட்டிகளில்,207
ராவ்,207
நகரத்தில்,206
நான்காம்,205
மாநாடு,205
கள்,205
பக்கம்,204
எழுதப்பட்ட,204
அவரை,204
ஐதரசன்,204
தேர்தலுக்கு,204
உறுப்பு,203
என்பதாகும்,203
வானொலி,202
அடிப்படையாகக்,202
வணிக,202
தூய,202
சட்டமன்றத்திற்கு,202
ஷா,202
விளைவு,201
இதுவரை,201
ஆந்திர,201
தமிழகத்தின்,201
பெற்றவர்,201
இவ்வகை,201
பிள்ளையார்,201
திகதி,200
இருக்கின்றன,200
இயக்க,200
இத்தகைய,200
கிராம்,200
காற்று,200
தாவர,200
வாக்காளர்,200
ஓய்வு,199
ஏனெனில்,199
எதிராக,199
என்கிற,199
அவள்,199
பெற,199
விரைவுவண்டி,199
பகுதியாக,198
மாதத்தில்,198
வண்ணம்,198
மாறி,197
முடியாது,197
ஆகியவற்றின்,197
வெண்பா,197
முன்னணி,197
மலர்,197
உரிமைகள்,196
மாறாக,196
ஆனார்,196
அரச,196
ஜோசப்,196
குடும்பத்தில்,195
புகழ்பெற்ற,195
வருகின்றனர்,195
மாவட்டத்திலுள்ள,195
பற்றியும்,195
படத்தின்,195
பல்கலைக்,195
பேரூராட்சி,195
வெளியிட்டது,194
செல்ல,194
பெரிதும்,194
தலைவி,194
கூறினார்,194
விசை,194
பொதுத்,193
அனைத்தும்,193
இளம்,193
இரட்டை,193
தோல்,193
தரம்,192
அமைந்துள்ளன,192
எந்தவொரு,192
எவ்வாறு,192
செல்லாண்டியம்மன்,192
பொன்னியம்மன்,192
தற்கால,191
இயல்,191
இரும்பு,191
பயணம்,191
குறிப்பிடத்தக்க,190
பாக்கித்தான்,190
நூலை,190
வருடம்,190
இலக்கண,190
மூலக்கூறு,190
ராபர்ட்,190
படை,190
இணை,190
பாபநாசம்,190
மேலே,189
மூர்த்தி,189
தாக்குதல்,189
நாட்காட்டியில்,189
தரவு,189
நம்பிக்கை,188
கழகத்தின்,188
ஆண்ட,188
செய்யப்படும்,188
ஒரத்தநாடு,188
ஊராட்சிக்கு,188
ஏறத்தாழ,187
சோவியத்,187
இருவரும்,187
சரியான,187
கண்டு,187
கடைசி,186
கணிதம்,186
ரூபாய்,186
விண்வெளி,186
சிறப்பாக,186
நாட்களில்,186
குறைவான,186
வகைகளில்,185
கொண்டாடப்படுகிறது,185
வெப்பநிலை,185
நடக்கிறது,185
மாகாளியம்மன்,185
கொள்ளலாம்,184
உருவாக்கும்,184
செய்யப்படுகிறது,184
கள்ளக்குறிச்சி,184
மனிதன்,183
ஆண்டாகும்,183
மக்களால்,183
பரவலாக,183
வாக்குகள்,183
புற்றுநோய்,183
சாமி,183
பாராளுமன்றத்,183
வகையறா,183
பயன்பாடு,182
இருப்பது,182
தலைப்பில்,182
தாம்,182
இயக்குனர்,182
சாஸ்தா,182
ஆரம்ப,181
இதே,181
பணியாற்றி,181
தாவரவியல்,181
நதி,181
இரா,180
திருச்சபை,180
ஆவணி,180
தேவர்,180
யோவான்,180
பூ,180
குறிப்பிடுகிறார்,179
சிவப்பு,179
தோற்றம்,179
திசம்பர்,179
இறைவன்,179
தன்னை,179
கிரிகோரியன்,179
புதூர்,179
முந்தைய,178
உதவும்,178
மரியா,178
பதினேழாம்,178
சேர்க்கப்பட்டுள்ளது,178
தேற்றம்,178
பயன்படுத்த,177
வருகின்றன,177
முறையாக,177
என்றாலும்,177
மன்னன்,177
போரின்,177
உளவியல்,177
ஒன்றிய,177
எதிரான,177
தயாரிக்கப்படுகிறது,177
ஆடித்திருவிழா,177
திருச்சி,176
விலை,176
செய்தல்,176
இரத்த,176
தோன்றும்,175
உருசிய,175
கடந்த,175
பகுதிகளை,175
அமைப்பின்,175
பொறுத்து,174
சோழன்,174
வெளியிட்டார்,174
வரலாற்றில்,174
பெருக்கல்,174
இருந்தனர்,174
அறிக்கை,174
உத்திரமேரூர்,174
முத்தாலம்மன்,174
சிவாஜி,173
பதிலாக,173
உதாரணமாக,173
வேளாண்மை,173
மாகாண,173
ஆற்காடு,173
புளோரைடு,173
கட்டி,172
கொடி,172
முழுமையான,172
உருவாகும்,172
அனைத்துலக,172
இனம்,172
தை,172
கனிம,172
சுப்பிரமணியசுவாமி,172
வரையறை,171
ஏனைய,171
நினைவு,171
ஐந்தாம்,171
பாரதி,171
செய்யுள்,171
ஆய்வுகள்,171
மைய,171
பிரதேசத்தின்,171
செயல்முறை,171
முகமது,171
விதை,171
இதழாகும்,171
திருவையாறு,171
வலது,170
செய்கிறது,170
நிலையை,170
வேறுபாடு,170
வண்டி,170
செயற்கை,170
உறவு,170
சுந்தரம்,170
ஆகம,170
காட்டும்,169
தொகையில்,169
வடிவமைப்பு,169
போலவே,169
தமிழகத்தில்,169
நிகழும்,168
மொழிகளில்,168
பெயரால்,168
தோழி,168
வெளிவந்தது,168
சா,168
அறுவை,168
வெப்பநிலையில்,168
மலேசிய,168
முக்கியத்துவம்,167
தொடக்க,167
வட்டத்தின்,167
ஆகியன,167
பத்தாம்,167
பள்ளிகள்,167
எனப்படுகிறது,166
நல்லூர்,166
பகுதியாகும்,166
தளம்,166
பள்ளிவாசல்,166
அனைவரும்,166
இவற்றின்,166
நேர்,166
பண்புகள்,166
ஆற்றின்,166
திறந்த,166
வரிசையில்,165
ஆயிரம்,165
இராகம்,165
இயலும்,165
பெற்றுள்ளது,165
கொலை,165
விளையாட்டுப்,165
வில்,165
தனியார்,165
மன்றம்,165
வாய்ந்த,165
உறுதி,165
வேளாண்,165
இந்தச்,164
அவரின்,164
பாரம்பரிய,164
இசையமைப்பாளர்,164
முடிய,164
அரூர்,164
உயர்ந்த,163
நேரடியாக,163
குடும்ப,163
தயாரிப்பு,163
ஆயினும்,163
சொந்த,163
மாணவர்,163
அளவை,163
பெயரை,162
முஸ்லிம்,162
இன,162
எடுத்துக்காட்டுகள்,162
பகுதியை,162
தடை,162
ஆப்,162
நகரின்,161
ஒன்பது,161
கூறுகிறார்,161
பறவை,161
ஆதி,161
பொருளின்,161
காற்பந்து,161
வேற்றுமை,161
உறுப்பினராகவும்,161
நிலம்,160
காட்சி,160
இசைக்,160
கடற்கரை,160
மார்ச்சு,160
ஆசிரியர்கள்,160
மருத்துவக்,160
இருக்கிறார்,160
மரபணு,160
முதல்தர,160
கோடி,159
ராணி,159
அகாதமி,159
காண்க,159
ஆணையம்,159
அப்துல்,159
நிறம்,159
ரிச்சர்ட்,159
இலித்தியம்,159
நடுவண்,159
ஆறாம்,158
தகவல்கள்,158
மிகச்,158
யார்,158
காசி,158
இவற்றை,158
நிகழ்வு,158
பார்வை,158
எசு,158
துறைகளில்,157
மேரி,157
நிறை,157
மனம்,157
ஆட்டம்,157
தாயார்,157
புரிந்து,157
வாழ்ந்து,157
ராஜ்,157
சின்ன,157
சான்று,156
கட்டப்பட்டது,156
மார்க்,156
நின்று,156
பா,156
கூடுதல்,156
அந்தக்,156
பெற்றோர்,156
ஆகியவற்றில்,156
தினம்,156
இணைப்பு,156
சான்,156
காரணாகம,156
வைகானசம்,156
புபொப,156
கொழும்பு,155
அமைச்சராக,155
பாலின,155
செயல்படுகிறது,155
ஏற்பட்டது,154
சிலை,154
விற்பனை,154
பாலம்,154
ஒற்றை,154
எனத்,154
கப்பல்,154
இஸ்லாம்,154
இருந்தவர்,154
பொருளை,154
பச்சை,154
உடைய,154
சிவபெருமான்,154
கால்சியம்,154
கோயில்களில்,153
பொருள்படும்,153
அறிந்து,153
எழுத்துக்கள்,153
பொருளியல்,153
பெற்றுள்ளார்,153
வழியில்,153
வெப்பம்,152
முதன்மைக்,152
பண்பாடு,152
நிறுவனத்தில்,152
சார்பின்,152
உள்,152
பாராளுமன்றத்திற்கு,152
மன,151
செய்யப்பட்டு,151
பணிகள்,151
வழக்கம்,151
தோன்றிய,151
அணிக்காக,151
அமைந்தது,151
பேசப்படுகிறது,151
மதுராந்தகம்,151
செய்யார்,151
முத்தாரம்மன்,151
நம்,150
நிறைவு,150
வெளியே,150
கல்,150
எனலாம்,150
இம்மாவட்டத்தில்,150
போதும்,150
சந்திர,150
படைகள்,150
சேர்மம்,150
இருந்தன,149
பயன்,149
விளைவாக,149
இவர்களுக்கு,149
ஏற்படுகிறது,149
திருச்சபையின்,149
இதழ்களில்,149
காமாட்சியம்மன்,149
திம்மராயசாமி,149
அவற்றில்,148
அருள்மிகு,148
சென்ற,148
வகையைச்,148
கணக்கெடுப்பின்,148
நோய்கள்,148
மண்டபம்,148
சுற்றுச்சூழல்,148
சன்னதிகள்,148
நபர்கள்,148
வினையின்,148
முறையே,147
பிரிவுகள்,147
நில,147
தொடரில்,147
பதினாறாம்,147
மூல,147
தர,147
கிடைக்கிறது,147
நாடாளுமன்ற,147
நிகழ்ந்த,147
அகவையில்,146
சூழல்,146
மழை,146
இன்றும்,146
மாற்று,146
எப்படி,146
தாவரம்,146
உண்மை,146
அடுக்கு,146
சார்பாக,146
சட்டமன்றத்திற்கான,146
இக்,145
அழகிய,145
நகரத்தின்,145
பிரான்சு,145
ஆல்,145
தொலைபேசி,145
எலும்பு,145
முன்னேற்ற,145
பயன்படுத்தப்படுகின்றன,145
தேர்தல்களில்,145
முத்து,145
கலிபோர்னியா,145
போட்டியிலும்,145
கரகம்,145
அரசர்,144
யாழ்ப்பாண,144
இப்,144
பிரபலமான,144
இன்றைய,144
பாதை,144
வகைப்படும்,144
குடியரசு,144
யூத,144
கார்த்திகை,144
சன்னதியும்,144
சிறிது,143
நடை,143
பகுப்பாய்வு,143
நாடகம்,143
எல்லை,143
ஐயர்,143
அழைக்கப்படுகின்றன,143
பேரரசின்,143
திருவிடைமருதூர்,143
மைக்கேல்,143
பல்கலைக்கழகத்தின்,143
இடைப்பட்ட,142
கருவிகள்,142
தலை,142
தொல்லியல்,142
இந்துக்,142
அறிய,142
சிவ,142
வென்று,142
ஒத்த,141
பொருள்கள்,141
அவற்றை,141
எல்லாம்,141
கட்டமைப்பு,141
தொழில்நுட்பம்,141
கதைகள்,141
கூட்டமைப்பு,141
இடது,141
சார்ல்ஸ்,141
வார்த்தல்,141
யாழ்ப்பாணம்,140
குரல்,140
கிலோ,140
என்பதற்கு,140
கூட்டு,140
மாடு,140
வந்தவாசி,140
தர்மராஜா,140
கோள்,139
பிரிவில்,139
மலையாள,139
காண,139
சமயத்தில்,139
உள்ளடக்கியது,139
கண்ணன்,139
காட்டுகிறது,139
ஒருவன்,139
நான்காவது,139
அரை,139
கழகத்தில்,139
வரி,139
ராய்,139
மேல்நிலைப்பள்ளி,139
புரோமைடு,139
எண்களின்,138
இறந்த,138
ஒன்றில்,138
உண்மையான,138
பேசும்,138
என்பதன்,138
ஒப்பந்தம்,138
செயற்கைக்கோள்,138
கோப்பை,138
கோவா,138
பேரரசர்,138
மருத்துவமனை,138
இப்படம்,138
என்பதைக்,137
நிலையான,137
அவையாவன,137
அட்டவணை,137
நோபல்,137
கடவுளின்,137
செல்கிறது,137
எடை,137
மன்னார்குடி,137
அசாம்,137
தளி,137
பார்க்க,136
அவற்றுள்,136
அமைப்பில்,136
முனிவர்,136
அழைப்பர்,136
பரப்பு,136
இயற்றிய,136
வரைபடம்,136
அண்ட்,136
என்றே,135
மைசூர்,135
இதழில்,135
இன்னொரு,135
தலைவராகவும்,135
கால்,135
வாய்ப்பு,135
உரிய,135
வருமாறு,135
மேல்நிலைப்,135
புரட்சி,135
உவமை,135
பரமக்குடி,135
இலை,135
தன்னாட்சியுள்ள,135
அமைச்சர்,134
கனடா,134
கொண்டுள்ளன,134
ஜூலியன்,134
நோக்கம்,134
எடுத்து,134
சிறப்புப்,134
சான்றுகள்,134
அழகு,134
எக்ஸ்பிரஸ்,134
மெய்யியல்,134
நகரமாகும்,134
சர்க்கரை,134
விளையாடியுள்ளார்,134
குழாய்,134
கட்சியைச்,134
பிரசாத்,134
கூறுவர்,133
கருதுகின்றனர்,133
தனிப்பட்ட,133
கணிதத்தில்,133
எதுவும்,133
கட்டுப்பாடு,133
அறிமுகம்,133
மாநகராட்சி,133
தாராபுரம்,133
நற்செய்தி,133
ஐப்பசி,133
தர்மராஜர்,133
ஆனாலும்,132
சென்றார்,132
மாற்றி,132
இரயில்,132
ஜெயந்தி,132
நியமிக்கப்பட்டார்,132
பேராவூரணி,132
தத்துவ,132
பயின்றார்,132
தாமஸ்,132
தொழில்நுட்பக்,132
சுகாதார,132
பஞ்சாபி,132
தேவாலயம்,132
மோகன்,132
பயிர்,131
என்பதே,131
குஜராத்,131
சூரியன்,131
பண்பாட்டு,131
சேர்ந்தார்,131
என்பவரை,131
விளக்க,131
நிரல்,131
வருகின்ற,131
முறையாகும்,131
நிகழ்ச்சி,131
பாடகர்,131
வரதராஜபெருமாள்,131
உள்ளூர்,130
தமிழ்ச்,130
தானே,130
சற்று,130
செய்யப்பட்டார்,130
அறிஞர்கள்,130
திட்ட,130
எட்டாம்,130
உருவாக்க,130
வரையில்,130
விடுதலைப்,130
உப்பு,130
புவி,129
கண்ட,129
பிரபு,129
வடிவ,129
ராமசாமி,129
பிரதான,129
உடலில்,129
யானை,129
வை,129
ஏழாம்,129
முதன்முதலில்,129
நாட்டை,129
உண்மையில்,129
பெருமை,129
நகைச்சுவை,129
முதலியார்,129
அருள்,129
நிர்வாக,129
குழுவின்,129
கொடை,129
பழம்,129
விளாத்திகுளம்,129
இந்நூலில்,128
விகடன்,128
இஸ்லாமிய,128
அழைக்கப்பட்டது,128
நினைவாக,128
இத்தொகுதி,128
முற்றுகை,128
பத்ரகாளியம்மன்,128
பயன்படுகின்றன,127
திரைப்படத்தின்,127
அமைகிறது,127
அளவிலான,127
கருநாடக,127
தருகிறது,127
பட்டியலில்,127
கண்ணாடி,127
அடிக்கடி,127
சிந்து,127
முறையை,127
பாயும்,127
இக்கோயிலின்,127
அகமது,127
இவரே,126
தஞ்சை,126
பொருளாதாரம்,126
மிக்க,126
அவ்வாறு,126
சதுர,126
அந்தப்,126
ஏற்ற,126
தகுதி,126
அவர்களது,126
விளக்கு,126
அலை,126
கிருஷ்ணா,126
ஏற்பாடு,126
மக்கட்தொகை,126
பாகிஸ்தான்,126
திட்டத்தில்,126
ஆடுதுறை,126
பார்க்,126
பகவதியம்மன்,126
இதுவும்,125
வழக்கமாக,125
மாகாணத்தின்,125
வட்டார,125
அமைப்பை,125
சொல்லும்,125
ஆண்டும்,125
உயர்நிலைப்,125
கோடைக்கால,125
தமிழ்க்,125
கர்நாடக,125
இணைக்கும்,125
டை,125
ராம்,125
உட்படுத்தப்பட்டுள்ளது,125
முறைமை,124
நியூயார்க்,124
செய்தது,124
வேகம்,124
அணுக்கரு,124
பணம்,124
அறிவித்தது,124
உதவுகிறது,124
வென்றார்,124
மருத்துவர்,124
பில்லியன்,123
தயாரிப்பில்,123
வளரும்,123
ஆப்பிரிக்க,123
ஆரம்பத்தில்,123
இளைய,123
வடக்கில்,123
உலகளாவிய,123
நவராத்திரி,123
செய்வது,123
அவர்களுக்கு,123
நந்தி,123
பல்,123
எக்சு,123
உலகத்,123
நாகபட்டினம்,123
காட்டிலும்,122
எதிர்ப்பு,122
மொழியை,122
குறைவாக,122
உள்ளே,122
கூட்டல்,122
வழக்கில்,122
பெண்களின்,122
ஜெ,122
ஆகவே,122
நன்னூல்,122
இடைவெளி,122
வகையாகும்,122
அறக்கட்டளை,122
எண்ணிம,122
வேணுகோபாலசுவாமி,122
இந்திரா,121
இராச்சியத்தின்,121
தவறு,121
தொல்காப்பியர்,121
தெற்கில்,121
பறக்கும்,121
சல்பைடு,121
தொகுதிகளுள்,121
நிகழ்வுகள்,120
தேசியக்,120
எளிதில்,120
பக்க,120
பொருட்களை,120
மலேசியா,120
பறவைகள்,120
பாண்டிய,120
பாலியல்,120
சோழர்,120
செயல்படும்,120
பட்டி,120
அதிகாரி,120
வல்சாடு,120
கட்டிடக்கலை,119
அரபு,119
மொழியின்,119
விளையாட்டுக்கள்,119
உருவாக்கினார்,119
அனைத்திந்திய,119
எப்போதும்,119
ஹென்றி,119
வசிக்கும்,119
கரும்பு,119
சர்மா,119
ஆடு,119
சித்தூர்,119
விஷ்ணு,119
கூழ்,119
வித்தியாலயம்,119
கொண்டுள்ள,119
கவிதைகள்,119
உடையார்,119
பிரகாஷ்,119
சட்டமன்றம்,119
பட்டாளம்மன்,119
இம்மொழி,118
பேச்சு,118
புத்தகம்,118
வருகின்றது,118
அமைந்திருக்கும்,118
உறுப்புகள்,118
விருதுநகர்,118
இத்,118
பணியாற்றியுள்ளார்,118
இம்மாவட்டத்தின்,118
மைக்கல்,118
தென்காசி,118
அயோடைடு,118
அறிவித்தார்,117
தெரிகிறது,117
இவர்களின்,117
கொண்டவர்,117
முதன்மையான,117
கந்தக,117
செலவு,116
ரவி,116
இராமசாமி,116
வழியே,116
தொடக்கத்தில்,116
கூடாது,116
கூட்டணி,116
ஊர்கள்,116
செல்,116
பிரதமர்,116
நாடக,116
பாடசாலை,116
தம்பி,116
இப்படத்தின்,116
பரமத்தி,116
பேரியம்,116
இலக்கணமயமாக்கம்,116
பகுதியான,115
நடனம்,115
சுதந்திர,115
கிட்டத்தட்ட,115
தெய்வம்,115
நூறு,115
புத்தர்,115
கூறி,115
உடையது,115
இதய,115
வில்லை,115
தொழிலாளர்,115
திசையில்,115
கார்,115
கொண்டே,114
கோடு,114
வாயு,114
அறிவிக்கப்பட்டது,114
இணைத்து,114
பிறப்புகள்,114
உருது,114
மட்டக்களப்பு,114
நாவல்,114
இப்பகுதியில்,114
அதிகாரம்,114
ஆன,114
அகராதி,114
கோட்டம்,114
பேட்டை,114
பாக்கித்தானியத்,114
விதிகள்,113
அடர்த்தி,113
மொழியியல்,113
முடிவில்,113
தலைமையில்,113
சாலையில்,113
பொன்,113
கண்டுபிடிக்கப்பட்டது,113
வின்,113
கூடுதலாக,113
பிரிக்கலாம்,113
எழுத்தறிவு,113
குதிரை,113
பருவம்,113
முனை,113
முழுமையாக,112
உருவானது,112
நரம்பு,112
கிடைத்தது,112
சன்,112
ஒன்றான,112
ஏர்,112
இசுலாம்,112
ஆர்வம்,112
லூக்கா,112
தயாரிக்க,112
தோட்டம்,112
பெண்களும்,112
செ,112
பட்டமும்,112
ஆலத்தூர்,112
குடமுழுக்கு,112
இப்படத்தில்,112
நத்தம்,112
அமோனியம்,112
திருப்போரூர்,112
உசிலம்பட்டி,112
விராலிமலை,112
எல்லையம்மன்,112
கரியகாளியம்மன்,112
முனியப்பன்,112
கருதப்படும்,111
தத்துவம்,111
இவ்,111
கூடும்,111
பண்பு,111
இந்தோ,111
ஆகஸ்டு,111
சித்தர்,111
ஹால்,111
திருவனந்தபுரம்,111
பட்டு,111
வளர்ப்பு,111
வேதி,111
நன்னிலம்,111
போளூர்,111
ஐதராக்சைடு,111
சபா,111
